sichuanese,english,matched_keywords,n_content
那真的不晓得咋个说了好在转手某张五条给上家打满,,咋个,1
你这么多钱怎么把老子憋死啊,,老子,1
哇美国都好均匀呐哇好安逸好咋办,,安逸,1
凡是上面的人啥当官的来了啥子企业家来了石油局的来了啥子,,啥子,1
确实因为他,,确实,1
味道还巴适,,巴适,1
三室两厅一卫在一百五十平方左右的大灶台独家享用种花种菜还带两个阳台相当的巴适视野非常的宽阔,,巴适,1
那个铺盖也带一堆带了好多他那个床呢又比我们那儿矮一梯是木头一个板板一个缝老子比端了挡,,老子,1
囧斗碗安逸今天整几个特色菜哦放心肯定给你们整巴适我来介绍一下,,安逸|巴适|哦(语气词),2
如果是中年女同志你要讲咋个辛苦咋个把老公管好自己咋个保养,,咋个,1
看着是不是很有感觉老表那些在外面买二手车怕上当的怕用精品车的价格买到事故车的在老表这里来买让你明明白白消费高高兴兴的开回家,,老表,1
生活那你应不应该了解你们妈老汉儿这一生中咋个把你带大的,,老汉|咋个,2
你两个妖精给我看啥子哎,,啥子,1
有这个因素这个烧菜哈硬是要放到第二顿才好吃这土豆还没得中间没得啥子味道的,,硬是|啥子|哈(语气词),2
下一位老表龙头市公园至上能不能搞龙头市公园至上来看一下那些房子你们都搞出来问了我真的是,,老表,1
都安逸辣椒去掉外面的粗皮后讲究一点的可以把辣椒籽去掉,,安逸,1
柜子确实是有点难父母花个二三十万用尽全力供出来的大学生,,确实,1
脸都长得老子肉多得很,,老子,1
晓得有啥子不嘛房那个叫蛇口水,,啥子|嘛(语气词),1
下锅煎至两面金黄加开水把汤熬白倒出里面的鸡蛋只要汤准备一套幺妈子新出的钵钵鸡调料,,幺(称谓/方言),1
所以你可能不相信但确实他就是我一个人住的,,确实,1
走嘛走嘛还多安逸的上面还有个阳台,,安逸|嘛(语气词),1
也方便给娃娃洗澡我们两个卫生间大概都有将近十平那确实很大啊,,确实,1
但是它确实发生过了否则你就不会体验到这种美好,,确实,1
老子跟你说戴安全帽也不安全你,,老子,1
好天呐还不好安逸呀说像一点俺两个钻戒给我,,安逸,1
是不是好巴适嘎没想到你长那么大了还第一次吃,,巴适,1
也很安逸造型也很巴适是不是一道变废为宝,,安逸|巴适,2
今年确实减产了起码减产了,,确实,1
砍砍砍那都是我婆娘跟我吵个架回娘家住了一个星期了,,婆娘,1
买了娃儿读书没得问题可以搞摘就整下一个摘橘子大渡口康田西塘观月咋个样圆圆老表山外青山楼外楼买了嘞些位置你愁不愁,,咋个|老表,2
至于说为啥子后来这个两头王又成了夫妻肺片儿了,,啥子,1
这种宽阔的改善房逐渐是安逸,,安逸,1
安逸不只是我们都吃完了你才醒红烧也没吃成呀他不起来,,安逸,1
应该是本月本月才在维权维权还维的很凶你去详细了解一下行不行老表那种房子尽量不要去考虑,,老表,1
哦这是啥子黄辣根儿,,啥子|哦(语气词),1
这个龟儿子到底是咋个来的呢据说哈他最早是出现在这个,,咋个|龟儿子|哈(语气词),2
你说给人家感觉咋个解释啊,,咋个,1
在汴梁长期出丑的瓜娃子五代十国确实黑暗但是蜀地有点特殊,,确实|瓜娃子,2
哇看下嘞个米巴不巴适插两个洞洞,,巴适,1
然后周围很多地方就是脏兮兮的脏兮兮的烂渣渣的那种感觉包括每次如果说你开车走到那个啥子,,啥子,1
那两个不说的天老两口的耶还给老子舔过了,,老子,1
被何探长否决或说你找个人来冒名顶替那个家伙不是炮哥进去以后大型以上肯定会拉稀摆带要不得要不得哎哎这个婆娘一个人喝醉有没有啥子哦哎我要出去看哈,,婆娘|啥子|哈(语气词)|哦(语气词),2
应该安逸行慢慢的茶香啊这个是,,安逸,1
我二十多岁应该叫少妇噻是不是嘛所以说那个妇女节跟我有啥子关系嘛我明明就是个少妇,,啥子|噻|嘛(语气词),1
我跟你爸说哈你豁老子我把我老爸子锁在屋头都锁了一个礼拜了,,老子|哈(语气词),1
都满足不了需求每一家都是排着非常长的长龙吃完那个安逸的老长沙口味虾,,安逸,1
相对而言有规律上班你到哪个时候该回去是咋个的,,咋个,1
要那个羊肚菌感受哇硬是今天给梦死去了的,,硬是,1
好安逸啊那碗螺蛳粉我就问你们想不想吃啊,,安逸,1
这冒犯是啥子哦看到没有他这儿是六点十分开门还要开到凌晨四点钟开到二十四点,,啥子|哦(语气词),1
就是你们家的餐厅刚刚业主也在说因为家里面住的人确实太少了就只留了三把椅子原本那是一个不,,确实,1
哎呀给老子坐车不远啊你,,老子,1
味道巴适做法简单美味不油腻可以多吃几碗饭,,巴适,1
好切好了我们拿去给炒嘎嘎了哈锅里面倒点油啊,,嘎嘎|哈(语气词),1
比那肯定安逸些因为现象骨头都没见骨头是你来的,,安逸,1
肯定不会是我好巴适哦真的是我哦,,巴适|哦(语气词),1
长身体的小朋友老人还有啥子做了手术的亲戚朋友,,啥子,1
走过路过千万不要错过今天用一条草鱼来做一个江湖汗蒸鱼这个味道巴适我来操作你来评说将草鱼从背部改刀清洗干净之后哈我们在背面跟他打上花刀方便入味儿,,巴适|哈(语气词),1
等通知重点是啥子呢还没有过你说嘛搞那么复杂做啥子嘛,,啥子|嘛(语气词),1
好吃安逸巴适牛肉今天是烧耙了的因为刘德,,安逸|巴适,2
很巴适的第六个菜就是个水煮雪花牛肉,,巴适,1
遇到你那么个猪队友下回做活路哪个龟儿子再喊你,,龟儿子,1
不晓得为啥子可能是直觉吧我总觉得那个宋玉德有问题曲珍拿起笔记本对吴东国说,,啥子,1
你硬是看到火就发红了这个找人家见面第一句话打招呼是,,硬是,1
还是白漉漉的自己肯定安逸我还是不要把尾巴甩了我想办法把那个小吃,,安逸,1
这个水还是多安逸的,,安逸,1
你就会说管我锤子事老子只有一套房子又不得卖涨也好跌也罢,,老子,1
确实是很实惠的而且这个房子是双位如果你对我们的房子感兴趣对价格也满意你可以在评论区留言或关注我我带大家实地看现场,,确实,1
所以这个妖精麻将的可变空间确实太大了就看你是啥子思路,,确实|啥子,2
看样儿着得住有点来不及了直接睡到地上哎呀你个球队确实有点穷连单价都买不起,,确实,1
它存在短路现象啥子叫短路现象呢就是当我们运算时,,啥子,1
他愿意退愿意退车让你亏三万块钱因为那个车确实我本来在,,确实,1
谢谢大家了味道硬是安逸得很明天咋子欢迎大家在评论区留言哈,,硬是|安逸|哈(语气词),2
还好对家还在扯童子出来我这同情应该是没得啥子问题了,,啥子,1
这种花草滋润这个叫啥子狗牙根耐猜的那个肥牛羊狗,,啥子,1
下一位下一位老表宗教城那么搞中教城盘龙那个地方啊我买起我心头都发慌价格贵得抠看还不说,,老表,1
那个房子的话确实它是一个一梯两户南北通透的户型哈,,确实|哈(语气词),1
智慧改变人生不过我现在那一个小担心那些贼娃子以前偷钱偷张卡就对了以后是不是要直接,,贼娃子,1
都认可他的能力对他的人品已没得啥子恶感,,啥子,1
那就安逸下酒干巴适得干,,安逸|巴适,2
好的成功打瘸五万又出来了那必须碰我也不晓得对家手中是啥子牌但九桶利用率很低那就先打九桶,,啥子,1
再上底色趁底色还没干透开始抓花啥子叫抓花烟,,啥子,1
方便了出门都是二校出门都是新世纪周围买买点东西啊买点吃的喝的用的啊那是相当的安逸朋友们,,安逸,1
把大画小不是把小画大是啥子问题就修啥子他这个本驰是啥子问题嘛,,啥子|嘛(语气词),1
我儿豁只有找到川渝婆娘才明白的道理衣架子,,婆娘,1
我真的很想问一下自己为啥子不打一筒出去,,啥子,1
的小西嘎嘎走,,嘎嘎,1
你们莫说那个肺啊洗的时候确实难洗但是随便你炖稍微加点辣椒炖炖出来真的好吃啊,,确实,1
我以为哎老师你狗子跑了回来跑不了庙老子回来之后收拾到你狗日的,,老子,1
当然他不会真希望男人被砍了脑壳同义词神经病背时的,,背时,1
就给大家做好喽配上火爆鲜辣过硬的口感口味独特真的巴适,,巴适,1
瓜娃子真的,,瓜娃子,1
啥子品种乖不乖当然乖了,,啥子,1
那个味道硬是安逸的很哦我先吃了哈,,硬是|安逸|哈(语气词)|哦(语气词),2
你吹啥子啊你干你的哇喊你快点快点查的你再给我员工嗦快点说快点瓜娃子,,啥子|瓜娃子,2
加生抽老抽调味那颗甜蜜蜜的冰糖摊开下猪蹄哇现在看到都安逸然后我们盖上盖子,,安逸,1
我说那儿不是骗钱的没得事就当娱乐一下我以前抓娃娃凶的劈爆他那个爪爪设置过的哪个抓得起来老子把鸡蛋,,老子,1
你练嘛我看哈你有啥子能耐有啥本事,,啥子|哈(语气词)|嘛(语气词),1
该喊你娃放假估到去屋头休息那你不听那下好了噻跑出去找坑了哦像我们那种啊都不得找坑那么多钱为啥子呢穷哦耍不起根本就不敢出去,,啥子|噻|哦(语气词),1
朱高兴三番两次不敢走如今要迁都了他却执意要留在南京他到底想干啥子不能再拖了让他马上就滚,,啥子,1
生气哦可以安逸安逸巴适巴适,,安逸|巴适|哦(语气词),2
做干锅兔到底用不用穿水要咋个做才麻辣鲜香外酥里嫩看完这个视频你就明白了啊,,咋个,1
整几箱送过去我们老头妈老汉啊就喜欢你们荣成家人这个牌子记得嘛好好记到整机箱记到的记到的记到的,,老汉|得嘛|嘛(语气词),1
尿布是要用好多来自啥子尿不湿但是叫尿片片,,啥子|片片,2
松哥正在准备一些更巴适的东西到时候我们一起打牙祭,,巴适,1
咋打了老子耳屎给你唱过来最近发现一首中文儿歌,,老子,1
好不容易摸张六万这个时候都舍不得杠下去毕竟上涨确实太撇了,,确实,1
路上跑着来最后把脚跑痛了婆娘坐在路边人哭考死恼火了,,婆娘|恼火,2
用小火哈我们把它全部炒香你看下起那个颜色都巴适的斑,,巴适|哈(语气词),1
但是我对以色列人哈确实也恨不起来,,确实|哈(语气词),1
我硬是实在没得办法了,,硬是,1
哎我一看确实巴巴适适的结果把钱给了还没走到半条该咋这样子,,确实|巴适,2
王总小老爷子从小到大你都能够客气哎呀硬是,,硬是,1
我得擦原因是啥子我吃不得我一天累掉下来从早到晚有时间,,啥子,1
哇这两个大这两个巴适,,巴适,1
时代在飞跃的发展现在已经是信息化了连老太婆不好,,老太婆,1
小作儿你又跑了硬是逮不到你哦,,硬是|哦(语气词),1
看看我的真正的祖母哇塞快来我打下的江山我的房子有点大要跟上哦这边是我的一个书房霸道总裁的感觉小说都不敢这样写我的祖真喜庆,,霸道|哦(语气词),1
脖子掉日你妈肚子是吊啊老子的桌子啊打桌子大,,老子,1
应该是外地的哈本地的应该这个时候没得千玉米这种炒起就非常的安逸,,安逸|哈(语气词),1
经常吵闹导致夫妻感情确实破裂社会的丈夫,,确实,1
一直爬到山顶城市尽头的神女大道安逸得板,,安逸,1
那你喜欢我讲普通话还是讲四川话我也喜欢你是个瓜婆娘哦那我还是当瓜婆娘嘛不说话,,婆娘|哦(语气词)|嘛(语气词),1
设置那种玄关的确实是比较少当然四百八十六个平方的宅,,确实,1
谢谢你再找个鱼塘呀有媳妇真安逸红烧菜也有汤也有你怕去跟你小舅舅闹理由订购的火柴总比吃外卖好警车检查对对海带灭就会打开,,安逸,1
扎个大的血了我错了然后你心口头加一句嘛老子认到你本身就错了对不对嘛早就跟你说清楚了的,,老子|嘛(语气词),1
不要乱丢感觉这里比较适合喜欢徒步探险而且有一定经验的朋友我觉得如果你确实找不到其他地方玩了那可以过来体验一下,,确实,1
我跟你们说嘛没有用完的调料拿来下面打淡水啊都是安逸的很的如果觉得幺妹儿做的还不错啊还是记得给幺妹儿点点赞点点关注哦蚊子哥哥快点回来吃饭呐,,安逸|哦(语气词)|嘛(语气词)|幺(称谓/方言),2
啊呀呀老公你痛不痛哦我日妈恐怕不痛嘛老公你先把上半身爬出来下半身再说啊婆娘,,婆娘|哦(语气词)|嘛(语气词),1
你硬是没把他打的跑得快哟我想要大一个,,硬是,1
我觉得很公平老子不干了跟我来嘛,,老子|嘛(语气词),1
没有啥子都没看到在这里真的啥子都没看到哪个瞎子火的嘛啥子都没看到我都莫名其妙的,,啥子|嘛(语气词),1
至少这个学员懂得了啥子叫感恩这个呢也充分说明教练只要用心教,,啥子,1
一一年到头他是真的是卖不到几套啊老表那些开发商是丰都城头拉二胡一天都在鬼扯,,老表,1
你们一旦错过了最好的年龄真的就很恼火虽然说你们可能因为前几年哈确实没有考虑这个事情或者说圈子确实,,确实|恼火|哈(语气词),2
你想说啥子我只想说今年大年三十我们公司我想不放假,,啥子,1
是哎分厂的做可以的啊是分厂煮好多点煮粉才安逸,,安逸,1
你简直疯了咋个伯父你不是亲口对我说过我知道我知道你想跟我说什么,,咋个,1
家都不能去你咋个治国然后又咋个平天下讲道理嘛,,咋个|嘛(语气词),1
幺儿拿我的酒桶你们能干惨了刘九通瞬间莫得了,,莫得|幺(称谓/方言),2
大错特错好多三十多岁还没有找到婆家的哈都是啥子二幺幺啊九八五啊一年收入一二十个人,,啥子|哈(语气词),1
快速回来的可能就是这个虽然我确实有这种想法但是像说法那种又聪明又强势的人老子才造成人家什么瓜兮兮的东西,,确实|老子,2
但现在你也晓得那个大环境都恼火,,恼火,1
合作之后甘欣儿你把我当瓜娃子嗦咹这么两年了咹,,瓜娃子,1
真的相信我就行了噻小辉没有大家结婚恁个多年我才发现你吃啥子都喜欢吃啥坨坨大坨坨安逸噻你看,,啥子|安逸|噻,2
因为那个河水呀确确实实太大了最后呢没有办法我还是从那两个吊桥这样过来了啊,,确实,1
下家单调五条他确实是想起手就碰三条来做成大单调的牌,,确实,1
盖的有独立的一个卫生间卫生间也有独立的窗户说实话那套房子的位置是相当的巴适房子也保持的非常好如果有喜欢那种药层盖露台的评论区联系我带你们实地看房,,巴适,1
就是为什么下架或者是说里面如果确实呼声高我再满足一下朋友们,,确实,1
必不可少的真的是硬是用洗洁精都擦不脱好久都没有吃过了,,硬是,1
哦超级的安逸看到我就选了几根选了三根根儿,,安逸|哦(语气词),1
这道螃蟹没啥子多说的肉确实新鲜,,确实|啥子,2
那就地下货啊安逸我就害怕冷点心啊这个干完这,,安逸,1
以前我没得这个体会现在我体会非常深刻为啥子,,啥子,1
巴巴适适的锅中烧水水开我们下番茄糖皮烫好的番茄我们撕皮,,巴适,1
刚刚出来的时候是确实是为了卖轮胎而存在的这个品牌现在它轮胎出了个明显的指南,,确实,1
刚才不得口子呀你硬是他现在时间咔咔呼噜的,,硬是,1
吃起来麻辣鲜香下酒下饭都安逸得很话不多说看我操作选一块半肥半瘦的三鲜肉改刀,,安逸,1
这后头这一堆渣渣大爷不准弄他的刚刚在屋头去转了一圈也确实找不到地方塞进去了,,确实,1
黄博士表示很惶恐啊他就说这种做法确实要不得啊,,确实,1
这个是该多抽点时间去陪下妈啊弟兄姊妹吃下饭啊那个时候给自己找借口就确实太忙了逢年过节回去吧,,确实,1
哦我老汉死的早我老汉死的时间比我都还年轻些就是在这个老山上死的,,老汉|哦(语气词),1
仔细想光阴人家日月如梭确实过得太快了转瞬之间成绩当年七足嘛转瞬就是白头翁,,确实|嘛(语气词),1
确实不爽再看旁边这个,,确实,1
对不对你明明身上只有八元钱你凭啥子要在新杰宾馆后头去喝杯茶呢,,啥子,1
不过也要说清楚是借给你的哦话又说转来你要是到婆婆娘那去拿两万块钱噻哎就可以不还喽,,婆娘|噻|哦(语气词),1
我也算不出牌强有些啥子牌只能慢慢的打着看,,啥子,1
今天的天气好安逸哦我们一起走山上去烫火锅不爱火锅安逸刚好星期天满盘我们一家人吃,,安逸|哦(语气词),1
为啥子仅仅要扣住这个主题时间都在哪儿去了啊,,啥子,1
他不收确实又不忍心人家是真心不收,,确实,1
一次性吃安逸反正五十九块儿,,安逸,1
哎哟啥子东西哦哎呦咋讲屁股,,啥子|哦(语气词),1
那个滩海外滩的摊都是贪心的滩别个拉的横幅啊确实减配很严重确实配套也不咋的那些小区业主出行都不方便的哈买不到张老表,,确实|老表|哈(语气词),2
这天是我硬是黑得早六点半就黑了外星早晨起来嘛,,硬是|嘛(语气词),1
哟感觉不行等我去看哟安逸安逸得车得车啊啊喵喵,,安逸,1
帽子整起走哎真的安逸哎哟好恶心,,安逸,1
就不是跟你开玩笑你怎么乱子说上头有猫猫你少喝老子老子懂,,老子,1
啊我领奖回来了老者不嘛老人老子给你闹着啥了你那个啥子讲哦我看下啊你好啊,,老子|啥子|哦(语气词)|嘛(语气词),2
平尼有几次经过娘娘的塌榻大白天的娘娘的房间都要关到起而两个侍女都在外头守到平尼当时看到就觉得不安逸想劝两句反倒被娘娘赏了几句就回来平尼也不好说啥子了,,啥子|安逸,2
但是为了人类利益做出这样基础贡献的人确实是,,确实,1
睡午觉听到说老汉儿来了,,老汉,1
这个梨子还是非常安逸真的甜又脆又甜第二天,,安逸,1
走哎等下来我吃饭哦今天啥子时候今,,啥子|哦(语气词),1
跟价格跟跟大家介绍出来啊说我们发车不说价生意做不大呀但是我确实没得办法哈,,确实|哈(语气词),1
负一楼和负二楼的一个格局家里面带个电梯坐起它还是安逸哟你莫说哈哈,,安逸,1
安逸噻杏鲍菇独特的口感不管夏天吃起安逸一年四季都适合,,安逸|噻,1
我感觉你们嘞些间谍对不对你们那些间谍都是专门来问那些歪瓜那种企图误导我直播间的老表,,老表,1
幺儿啊等了三个多小时终于动手了你干嘛,,嘛(语气词)|幺(称谓/方言),1
结果瞧起人家屋顶花园了说是种菜安逸西门车站那边有,,安逸,1
而男人呢刚开始哈是来得快去的也很快的到后面就恼火了老公老公,,恼火|哈(语气词),1
我的个妈好久玩过这个梗眼睛闭起又有点紧张又有点不晓得是咋个的了,,咋个,1
老汉的非常柔软大家看把沈家里一起拿完,,老汉,1
走马儿带你去种草你上个厕所要好久嘛老子饿了,,老子|嘛(语气词),1
而我呢连拉丁文都忘得差不多了至于相貌医生苦笑着看了看自己似乎也没得啥子过人之处啊,,啥子,1
哎就觉得些就是朋友些噻在喝酒啊扯把子啊在吹牛这些,,扯把子|噻,1
啊和老鹰养狗和飞机养狗个人种地就安逸哈要去那窝,,安逸|哈(语气词),1
什么叫骂他的管管呢就说他说你说他是瓜娃子,,瓜娃子,1
弄了好多腊肉好安逸妈妈,,安逸,1
非常安逸啊,,安逸,1
