sichuanese,english,matched_keywords,n_content,GLM-4-Plus_pred,GLM-4-Plus_refusal,GLM-4-Plus_BLEU,GLM-4-Plus_chrF,GLM-4-Plus_COMET,DeepSeek-V4-Flash_pred,DeepSeek-V4-Flash_refusal,DeepSeek-V4-Flash_BLEU,DeepSeek-V4-Flash_chrF,DeepSeek-V4-Flash_COMET
那真的不晓得咋个说了好在转手某张五条给上家打满,"Well, I really have nothing to say, I will just pass a five-bamboo to the player before me to make them win.",咋个,1,"I really don't know how to describe it, but it was great when I passed a 5-dots to the player before me to complete their set.",False,19.4227,38.027,65.1732,"""Well, I really don't know what to say. Luckily, I passed a five-bamboo tile to the player before me and that made them win big.""",False,25.0426,58.2976,70.7265
你这么多钱怎么把老子憋死啊,You think you can smoke me out just because you're rich?,老子,1,"With all that money, how could you possibly leave me broke?",False,4.0654,16.5786,56.7253,"""With all this money you've got, how are you trying to squeeze me dry?""",False,2.8265,20.5901,54.2574
哇美国都好均匀呐哇好安逸好咋办,"Wow, the U.S. developed so well in every aspect and is so comfy, what should we do?",安逸,1,"Wow, America is so evenly distributed, so comfortable and chill, what should I do?",False,10.5369,34.0896,67.8695,"Wow, even in America, it's all so balanced, wow, so comfortable, what should I do?",False,9.8759,31.6636,67.4411
凡是上面的人啥当官的来了啥子企业家来了石油局的来了啥子,"Whenever there are people above visiting, like some officials, some entrepreneurs, or the Petroleum Bureau, and so on......",啥子,1,"Whenever someone from upstairs comes, be it government officials, entrepreneurs, or people from the Petroleum Bureau, you know...",False,17.6856,53.362,67.8056,"Whenever someone from up top shows up — like some official, or a businessman, or someone from the Oil Bureau — any of that sort...",False,7.6049,34.7693,68.2517
确实因为他,"It's because of him, indeed.",确实,1,"It's because of him, really.",False,64.3459,68.623,92.7356,"Indeed, it's because of him.",False,27.7762,72.439,93.336
味道还巴适,The taste is pretty good.,巴适,1,The taste is pretty good.,False,100.0,100.0,97.691,The taste is quite good.,False,37.9918,54.9622,94.5547
三室两厅一卫在一百五十平方左右的大灶台独家享用种花种菜还带两个阳台相当的巴适视野非常的宽阔,"It's a super cozy 3-bedroom, 2-living room, and 1-bathroom apartment, around 150 square meters. It features a huge open kitchen, a private garden just for me to plant flowers and veggies, and two balconies. It's absolutely amazing with a super wide and open view!",巴适,1,"A spacious three-bedroom, two-living room apartment with one bathroom, approximately 150 square meters. It features a large private kitchen, exclusive use of a garden space for planting flowers and vegetables, and two balconies. The living is incredibly comfortable with a very wide view.",False,20.5572,53.6714,79.7682,"A three-bedroom, two-living-room, one-bathroom apartment with around 150 square meters, featuring an exclusive large kitchen counter, space for planting flowers and vegetables, plus two balconies—it's quite comfortable and offers a very broad view.",False,5.8292,47.066,78.8542
那个铺盖也带一堆带了好多他那个床呢又比我们那儿矮一梯是木头一个板板一个缝老子比端了挡,"That person brought a whole mountain of bedding. And their bed? It’s a notch lower than ours, just a makeshift wooden thing with huge gaps between the planks. I was literally stuck right on top of those damn gaps, uncomfortable as hell!",老子,1,"He brought a whole bunch of bedding with him, and his bed was a step shorter than the ones we have back home. It was just a wooden plank with gaps between the slats. Damn, I could've just pushed it over.",False,7.2109,36.7886,67.1423,"That blanket brought a whole pile—who knows how many—and his bed is a step lower than ours back home. It’s just a wooden plank with a crack in it. I straightened it out, goddamn it, it’s in the way.",False,7.1134,31.7783,60.7923
囧斗碗安逸今天整几个特色菜哦放心肯定给你们整巴适我来介绍一下,"Jiong Dou Wan is a good place. I’m going to whip up a few signature dishes today. Don't worry, I'll make sure you guys are thoroughly spoiled! Let me introduce them to you.",安逸|巴适|哦(语气词),2,"I've got a treat for you today with some special dishes. Don't worry, I'll make sure everything's absolutely perfect. Let me tell you all about it.",False,18.5029,33.1204,66.4893,"Jiong Dou Wan"" is cozy and chill. Today we’re whipping up a few signature dishes—don’t worry, we’ll make sure they’re done right. Let me break it down for you.",False,12.8511,42.0168,73.3684
如果是中年女同志你要讲咋个辛苦咋个把老公管好自己咋个保养,"If you're talking to a middle-aged lady, you shoulds talk about how hard she works, how to keep her husband in line and how she can take care of herself.",咋个,1,"If it's a middle-aged woman you're talking to, you should talk about how hard it is to keep the husband in check and how to maintain yourself.",False,15.865,55.5051,75.4279,"If it's a middle-aged woman, you need to talk about how hard she works, how she keeps her husband in line, and how she takes care of herself.",False,42.7701,62.7037,85.3043
看着是不是很有感觉老表那些在外面买二手车怕上当的怕用精品车的价格买到事故车的在老表这里来买让你明明白白消费高高兴兴的开回家,"Doesn't this car look absolutely stunning? Look, my brothers, for those of you buying a used car out there and terrified of getting ripped off, scared of paying premium prices for a wrecked accident car, just come to your brother right here! I’ll make sure every penny you spend is crystal clear, and you can drive home with a massive smile on your face!",老表,1,"Doesn't that sound good? For all you folks worried about getting ripped off when buying a used car elsewhere—afraid of paying premium prices for a vehicle that's been in an accident—come here to buy from me. I'll make sure you understand exactly what you're getting, so you can drive home happy and worry-free.",False,15.8192,42.741,79.0019,"Doesn’t it look impressive, old pals? Those of you who’re worried about getting ripped off buying a used car elsewhere—afraid of paying a premium price for a wrecked car—come buy from your old pal here. I’ll make sure you spend with total clarity and drive home happy.",False,8.8958,40.721,74.3701
生活那你应不应该了解你们妈老汉儿这一生中咋个把你带大的,"In life, shouldn't you understand how your parents have raised you thoughout their lives?",老汉|咋个,2,Shouldn't you understand how your mom and dad have raised you throughout their lives?,False,28.4446,74.1299,85.3706,"In life, shouldn't you try to understand how your parents brought you up throughout your life?",False,35.413,63.1738,86.8939
你两个妖精给我看啥子哎,What are you two troublemakers showing me?,啥子,1,What are you two troublemakers looking at?,False,54.1082,73.8287,73.6609,What are you two little rascals showing me?,False,43.167,59.6095,75.8209
有这个因素这个烧菜哈硬是要放到第二顿才好吃这土豆还没得中间没得啥子味道的,"There’s definitely that factor. This kind of stew doesn't taste good until you heat it up for the next meal. Right now, the potatoes haven't really absorbed the flavor yet; the inside is still pretty bland.",硬是|啥子|哈(语气词),2,"This potato dish really needs to be eaten as leftovers to taste its best. Right now, it has no flavor in the middle.",False,6.5406,23.9649,65.4478,"This dish really does taste better the next day — the potatoes haven't absorbed much flavor in the middle yet, they're still pretty bland.",False,9.5976,40.1925,72.236
下一位老表龙头市公园至上能不能搞龙头市公园至上来看一下那些房子你们都搞出来问了我真的是,"Next up, my brothers! Can we do a review on Longtoushi Park Zhi-Shang? Let's take a look at those apartments. You guys keep asking about them, seriously...",老表,1,"Could the next person, my cousin, please clarify if you're talking about Longtou Park or up to Longtou Park? And could you come take a look at those houses you've arranged? I've been asked about this and it's really frustrating.",False,10.2193,34.8679,59.0005,"Next up, old pal — can you make it happen from Longtoushi Park to the top? Come check out those houses. Y'all came to ask me, and honestly...""",False,8.0714,31.9057,60.0674
都安逸辣椒去掉外面的粗皮后讲究一点的可以把辣椒籽去掉,"Good, after removing the rough outer skin of the chili, if you want to be more particular, you can also remove the seeds.",安逸,1,"For a more refined preparation of sichuan peppercorns, remove the coarse outer skin, and if you want to be extra particular, you can also remove the seeds.",False,41.2386,60.5676,79.3768,"After removing the rough outer skin of the pepper, for those who are more particular, the seeds can also be taken out.",False,31.4301,61.8794,80.3121
柜子确实是有点难父母花个二三十万用尽全力供出来的大学生,"Raising a 'high-cost child' is truly hard these days. Parents have to exhaust all their savings, spending 200k to 300k just to push their kid through college.",确实,1,"It's indeed a bit difficult for parents who have spent their all, 200,000 to 300,000 yuan, to put a child through college.",False,6.2025,31.096,68.0842,"The cabinet is indeed a bit difficult. Parents spend 200,000 to 300,000 yuan with all their might to support their college student.",False,4.4629,29.1564,61.2679
脸都长得老子肉多得很,"Look at my face, it’s just a massive pile of cheek fat right now",老子,1,My face is so chubby it's ridiculous.,False,2.3021,12.9643,64.4458,Your face is so fleshy it’s got more meat on it than mine!,False,3.1443,18.8396,52.9744
晓得有啥子不嘛房那个叫蛇口水,Don't you know? There they call that Shekou water.,啥子|嘛(语气词),1,You know what they call that Shekou place over there?,False,25.9654,55.317,71.2197,Do you know what that stuff on the wall is called? Snake drool.,False,6.609,28.8813,52.2929
下锅煎至两面金黄加开水把汤熬白倒出里面的鸡蛋只要汤准备一套幺妈子新出的钵钵鸡调料,"Pan-fry the eggs until golden brown on both sides, then pour in boiling water and boil on high heat until the broth turns milky white. Strain out the eggs, keeping only the rich broth. Finally, get a set of the newly released Bobo Chicken seasoning from Yaomazi ready.",幺(称谓/方言),1,"Pan-fry the eggs until golden brown on both sides, then add hot water and simmer until the broth turns white. Remove the eggs and keep only the broth. Prepare with the new Bobo Chicken seasoning sauce from your aunt's restaurant.",False,30.1656,53.8187,76.8032,"Pan-fry until both sides are golden brown, then add boiling water to bring out a creamy white broth. Strain out the eggs, keeping only the broth. Prepare a set of the newly released ""Momo Chicken"" seasoning by Auntie.",False,29.4904,55.5116,74.5968
所以你可能不相信但确实他就是我一个人住的,"So, you probably don't believe it, but I do live by myself.",确实,1,"So you might not believe it, but I really do live all by myself.",False,35.2186,55.4229,91.0234,"So you might not believe it, but it's true — I live all by myself.",False,23.1832,47.646,90.3661
走嘛走嘛还多安逸的上面还有个阳台,"Come on, let's go, it's so cozy up there with the balcony.",安逸|嘛(语气词),1,"Come on, it's so nice up here, and there's even a balcony.",False,19.2516,41.9464,85.2854,"Let's go, let's go — it's pretty cozy up there, and there's even a balcony.",False,16.9065,50.1316,83.6455
也方便给娃娃洗澡我们两个卫生间大概都有将近十平那确实很大啊,It's also convenient for bathing the kids. Our two bathrooms are both around 10 square meters each. That's genuinely big!,确实,1,It's also convenient for bathing the baby. Our two bathrooms are each nearly 10 square meters—that's really spacious!,False,39.6752,64.7136,91.2195,It’s also convenient for bathing the kids. Both of our bathrooms are about nearly ten square meters each. That’s really spacious!,False,37.2309,63.5693,91.8984
但是它确实发生过了否则你就不会体验到这种美好,But it indeed happened. Otherwise you wouldn't have experienced this kind of happiness.,确实,1,"But it really did happen, otherwise you wouldn't be experiencing this beauty.",False,8.2764,48.4558,79.6934,"But it really happened, otherwise you wouldn’t have experienced such beauty.",False,8.6162,52.5371,83.8537
老子跟你说戴安全帽也不安全你,"I'm telling you even wearing a hard hat ain't completely safe, you...",老子,1,"I'm telling you, even with a hard hat on, you're not safe.",False,17.4874,43.5083,86.0204,"I'm telling you, even wearing a hard hat ain't safe.",False,40.8906,64.4996,89.9198
好天呐还不好安逸呀说像一点俺两个钻戒给我,"Oh my god this is so beautiful! If you know what's good for you, hand over my two diamond rings!",安逸,1,"The weather is so nice, it's so comfortable. It's like my two diamond rings are giving me a compliment.",False,12.7703,30.5241,59.2774,"What a wonderful day! Isn't it just so comfortable? Come on, say something like that—give me a couple of diamond rings for the two of us.",False,3.3962,28.3565,59.9792
是不是好巴适嘎没想到你长那么大了还第一次吃,Isn't it so delicious? I didn't expect that you're eating this for the first time at this age.,巴适,1,So comfortable! I can't believe you're all grown up and this is your first time trying it.,True,5.2541,27.7171,58.4756,Isn't it just so nice? Never thought you'd be eating this for the first time at your age.,False,36.5712,52.493,81.4887
也很安逸造型也很巴适是不是一道变废为宝,"It's very comfy, and the design is also really stylish. Isn't this turning trash into treasure?",安逸|巴适,2,"It's so cozy, the styling is just perfect. A true example of turning trash into treasure, isn't it?",False,13.5966,43.0421,77.9036,"It's also very cozy, and the design is really on point. Isn't this a perfect example of turning waste into treasure?",False,26.6169,60.3345,82.6983
今年确实减产了起码减产了,We definitely produced less this year. Down by at least...,确实,1,The production has definitely dropped this year—at least by a significant amount.,False,4.2772,45.749,83.1233,This year's yield really dropped — dropped by at least half.,False,11.4664,31.8434,72.0836
砍砍砍那都是我婆娘跟我吵个架回娘家住了一个星期了,"Oh, bloody hell... don't even get me started. My wife had a fight with me and went back to her parents' place. She's been away for a whole week now!",婆娘,1,All that fussing and fighting—that's 'cause my wife stormed off to her mom's place after we had a fight and she's been there for a whole week now.,False,14.8693,38.4741,72.5527,"Beat, beat, beat—that's all because my wife and I had a fight, and she's been staying at her mother's house for a week now.",False,6.1843,29.1259,66.8229
买了娃儿读书没得问题可以搞摘就整下一个摘橘子大渡口康田西塘观月咋个样圆圆老表山外青山楼外楼买了嘞些位置你愁不愁,"Once you buy it, kid's schooling is totally sorted, you can just lock it in! Alright, let's move to the next one! What about Kangtian Xitang Guanyue in Dadukou? My brother Yuanyuan! You know what they say: 'Beyond hills, more hills; beyond towers, more towers.' If you buy into thoses trap locations, you’re bound to get anxious!",咋个|老表,2,"If the kid's school situation is all sorted out, we can move on to the next big plan—picking oranges at Dadukou, Kangtian, Xitang, and Guanyue. How does that sound? ""Round Round"" cousin, ""Mountains beyond mountains, pavilions beyond pavilions."" With all these spots we've bought, are you feeling the pressure or what?",False,3.1338,33.6335,56.4583,"Once the kid's school situation is sorted, no problem — just move on to the next one. Picking oranges, Dukou, Kangtian Xitang, Guanyue — how about that? Round and round, cousin. Beyond the hills there are more hills, beyond the towers there are more towers. With all those places you've bought, are you worried or not?",False,7.5651,42.3088,61.1281
至于说为啥子后来这个两头王又成了夫妻肺片儿了,As for the reason why 'Liangtouwang' was eventually renamed to 'Couples' Lung Slices'...,啥子,1,As for why the 'Two Kings' later became 'Sliced Beef and Ox Tongue in Chili Sauce'.,False,5.7514,19.8992,49.1368,"As for why this ""double-headed king"" later became known as ""couple's lung slices"" (fuqi feipian),",False,3.823,23.0684,59.157
这种宽阔的改善房逐渐是安逸,This kind of spacious upgraded apartment are gradually becoming comfortable.,安逸,1,"Spacious, well-renovated apartments are becoming increasingly comfortable and desirable.",False,5.3002,48.218,80.9955,"This kind of spacious, upgraded home is gradually becoming quite comfortable and pleasant.",False,21.652,68.886,87.1826
安逸不只是我们都吃完了你才醒红烧也没吃成呀他不起来,"Isn't that nice? But you only woke up after we finished everything. If you hadn't stayed in bed, you would have gotten to try the stew.",安逸,1,"It's not just that you woke up only after we had all finished eating, you didn't even get to try the braised dish because he wouldn't get up.",False,8.541,39.5988,64.2505,The comfort doesn't just mean you wake up after we've all finished eating. We didn't even get to have the braised pork. And he won't get up.,False,3.6164,32.2576,60.5709
应该是本月本月才在维权维权还维的很凶你去详细了解一下行不行老表那种房子尽量不要去考虑,"It should be just this month, they just started a massive protest to defend their rights this month, and it's getting really ugly! Go look into the details, alright, my brother? You should stay as far away from that kind of property as possible!",老表,1,You should really look into it more carefully. The owner has been aggressively fighting for their rights this month. I'd suggest you avoid that kind of property if possible.,False,9.913,38.5732,69.0347,"It should be this month, just this month—they've been protesting, and protesting hard. Go look into the details, alright, bro? As for that kind of house, better not even consider it.",False,21.6503,43.219,70.6828
哦这是啥子黄辣根儿,"Oh, what is this? Horseradish?",啥子|哦(语气词),1,What on earth is this yellow horseradish?,False,12.2231,52.2431,68.6209,"Oh, what's this? Yellow chili root?",False,14.2588,36.4432,81.536
这个龟儿子到底是咋个来的呢据说哈他最早是出现在这个,"Where did the 'Gui Er Zi' come from? Word is, it first appeared...",咋个|龟儿子|哈(语气词),2,"The hell did this guy even come from? Word is, he first showed up at this...",False,29.9452,41.3525,55.9778,"Where the hell did this 'gui'er' come from? Supposedly, it first showed up around...",False,18.459,42.4077,62.5068
你说给人家感觉咋个解释啊,"Tell me, how is that gonna look to other people?",咋个,1,How would you explain that to make them feel good about it?,False,4.0654,18.9994,67.572,How do you explain the impression you give to others?,False,4.0696,23.1096,65.9357
在汴梁长期出丑的瓜娃子五代十国确实黑暗但是蜀地有点特殊,"That silly idiot kept making a fool of himself in Bianliang for a long time... The Five Dynasties and Ten Kingdoms period was indeed dark, but the Shu region (Sichuan) was a bit of a special case.",确实|瓜娃子,2,"A silly fool who keeps making a fool of himself in Bianjing. The Five Dynasties and Ten Kingdoms period was indeed dark, but Shu had its own special circumstances.",False,37.4701,59.5533,71.2495,"The clumsy fool who made a fool of himself in Bianliang for a long time—the Five Dynasties and Ten Kingdoms period was indeed dark, but the Shu region was somewhat special.",False,47.0863,69.2285,73.1554
哇看下嘞个米巴不巴适插两个洞洞,"Wow, check out this rice! Just poke two fingers in to feel the comfort.",巴适,1,"Wow, check out this neat little thing, isn't it nice with two holes?",False,22.5101,34.3383,53.9601,"Wow, check out this rice cake—isn't it perfect? Just poke two holes in it.",False,37.7093,53.6376,67.5491
然后周围很多地方就是脏兮兮的脏兮兮的烂渣渣的那种感觉包括每次如果说你开车走到那个啥子,"And the surrounding area is just so filthy and run-down, totally trashy vibe. Plus, every time you drive by that...",啥子,1,"And then a lot of the surrounding areas just have that grimy, trashy, run-down feeling. I'm talking about every time you're driving down that certain road...",False,7.6784,48.8173,81.6713,"And then a lot of the surrounding areas just feel all dirty, grimy, and rundown—like a total mess. Even when you're driving around, you know, heading somewhere or other, it’s the same kind of thing.",False,2.6118,36.5535,77.7268
那两个不说的天老两口的耶还给老子舔过了,"Those two are the worst. Heavens, they freaking licked it.",老子,1,Those two old geezers who never shut up even licked me off.,False,7.3471,27.7665,56.7271,"Those two damn old folks didn't say a word, and they even licked it for me, dammit.",False,6.2285,34.5545,66.998
被何探长否决或说你找个人来冒名顶替那个家伙不是炮哥进去以后大型以上肯定会拉稀摆带要不得要不得哎哎这个婆娘一个人喝醉有没有啥子哦哎我要出去看哈,"It was rejected by Detective He. He suggested that you find a scapegoat to take the fall. Once Brother Pao gets in and a major crisis hits, he’s bound to chicken out and snitch...no way, that absolutely won't work! Wait, wait... is that woman gonna be okay drinking by herself like that? Hey, I need to go out and check on her",婆娘|啥子|哈(语气词)|哦(语气词),2,"If Inspector He rejects it or tells you to find someone to impersonate that guy, it's a terrible idea. Once that guy gets inside, he'll definitely snitch and cause a lot of trouble. Absolutely not. Hey, what about that woman drinking alone? Is that okay? Hey, I'm going to go check it out.",False,3.8946,33.1746,66.466,"Being rejected by Detective He, or if you say you find someone to impersonate that guy—if it’s not Brother Pao who goes in, once things get serious, he’ll definitely chicken out and mess up. No way, no way. Hey hey, is this woman drinking alone okay? Hey, I’m gonna go check it out.",False,8.0386,38.7299,67.5805
应该安逸行慢慢的茶香啊这个是,"That sould be okay. Alright, the tea fragrant is so relaxing.",安逸,1,The slow-brewed tea is so fragrant and relaxing.,False,8.5625,35.5504,68.4467,"It should be that cozy, lingering tea fragrance, ah, this is it.",False,3.657,35.0276,60.0743
我二十多岁应该叫少妇噻是不是嘛所以说那个妇女节跟我有啥子关系嘛我明明就是个少妇,"I’m only in my twenties. Technically, I’m a 'milf-in-training' or a young bride, right? So why should I care about International Women's Day? I’m literally just a young wifey!",啥子|噻|嘛(语气词),1,"A woman in her twenties should be called a young wife, right? So what does Women's Day have to do with me? I'm clearly a young wife.",False,10.9212,34.4018,73.1486,"I'm in my twenties, so I should be called a ""young married woman,"" right? So, what does Women's Day have to do with me? I'm clearly a young married woman.",False,8.8362,32.1268,73.6365
我跟你爸说哈你豁老子我把我老爸子锁在屋头都锁了一个礼拜了,"I told your dad, you're lying to me. I've locked my father in the house for a week.",老子|哈(语气词),1,"I told your dad, you're really testing my patience. I've had my own father locked up in the house for a whole week now.",False,34.9714,62.8801,78.8058,I told your dad — you're lying to me. I've had my old man locked up in the house for a whole week already.,False,43.0397,68.6691,83.0104
都满足不了需求每一家都是排着非常长的长龙吃完那个安逸的老长沙口味虾,"Demand is through the roof. Every single restaurant has massive, never-ending lines. After finishing that incredibly satisfying, authentic Changsha spicy crayfish...",安逸,1,"None of them could meet the demand as every place had incredibly long lines. But after finally eating that satisfying, authentic old Changsha-style flavor crayfish, it was all worth it.",False,6.205,45.2729,72.5506,"Every shop has a line stretching way down the street — they just can't keep up with the demand. After devouring that satisfying old-school Changsha-style crawfish, it's pure bliss.",False,3.3789,34.5747,70.9396
相对而言有规律上班你到哪个时候该回去是咋个的,The work schedule is relatively regular. When it's time fo you to go...,咋个,1,"Compared to other jobs, working regular hours means you know exactly when you're supposed to go home.",False,5.0912,23.7147,72.2041,"Relatively speaking, with a regular work schedule, how do you figure out when it's time for you to go back home?",False,8.8999,58.2504,74.1525
要那个羊肚菌感受哇硬是今天给梦死去了的,The morel is exactly what I wanted. It feels like a dreamcome true today.,硬是,1,"The more I think about that morel, the more it feels like it was a dream come true today.",False,9.8461,55.7112,55.9395,Want that morel mushroom experience? It's really like a dream come true today!,False,7.3526,48.083,60.0051
好安逸啊那碗螺蛳粉我就问你们想不想吃啊,"That bowl of snail rice noodles is so delicious. I'm asaking you guys, do you want some?",安逸,1,"That bowl of luosifen looks so incredibly comforting. I'm just asking you all, doesn't it make you want to eat it?",False,9.6374,36.8768,68.1016,"How delightful that bowl of snail noodles is! I'm asking you all, don't you wanna eat it?",False,10.6573,46.1997,80.2261
这冒犯是啥子哦看到没有他这儿是六点十分开门还要开到凌晨四点钟开到二十四点,"What the heck is going on here? See that? It says they open at 6:10, and then they close at 4 in the morning?",啥子|哦(语气词),1,Can you believe this? They open at 6:10 AM and don't close until 4 AM the next day—that's 24 hours straight!,False,13.7284,28.9964,73.1399,"What the hell is this offense? Look, right here, it says it opens at 6:10 PM and stays open until 4:00 AM, running through midnight.",False,10.0156,30.066,68.1985
就是你们家的餐厅刚刚业主也在说因为家里面住的人确实太少了就只留了三把椅子原本那是一个不,"Speaking of the dining room, the owner said they only kept three chairs because their family is so small. Originally, it was not a...",确实,1,"Just now, the property owner was also mentioning that your family has so few people living there that they only left three chairs. Originally, it was a...",False,22.8984,46.3153,70.8603,"Just now, the owner of your family's restaurant was also saying that since there really aren't many people living in the house, they only kept three chairs. Originally, that spot wasn't even...",False,17.9296,48.6232,72.6398
哎呀给老子坐车不远啊你,"Oh, come on, just get in the damn car! It's far away!",老子,1,"Hey, it's not far for me to take the car and pick you up.",False,3.4586,17.8904,51.6858,"Oh man, it's not far for me to take the bus, you know.",False,3.657,18.42,53.5994
味道巴适做法简单美味不油腻可以多吃几碗饭,"The flavor is spot on, and it’s so easy to make. It's delicious but not heavy at all, making it the ultimate rice-killer!",巴适,1,"Tastes great, is easy to make, delicious and not greasy, makes you want to have extra bowls of rice.",False,6.9602,28.991,72.1424,"The flavor is spot on, the recipe is simple, delicious without being greasy, and you can easily have a few extra bowls of rice.",False,20.0365,37.4277,76.3703
好切好了我们拿去给炒嘎嘎了哈锅里面倒点油啊,"Alright, all chopped up! Now we're gonna throw it in the pan to cook up this meat! Let’s pour some oil into the wok.",嘎嘎|哈(语气词),1,"Alright, it's all chopped up. Let's take it to get stir-fried. Pour some oil in the wok first.",False,9.2943,39.6147,80.3547,"Alright, it's ready. Let's take it to fry the meat, okay? Pour some oil into the wok.",False,20.1641,36.6769,78.9066
比那肯定安逸些因为现象骨头都没见骨头是你来的,This is definitely better! Because you don't even see the bones yet. Bones are what you came for...,安逸,1,It's definitely more comfortable because I haven't even seen a bone yet. The bone is you coming.,False,4.4867,40.8399,64.5643,"Of course, that's definitely more comfortable than that one. There's basically no bone to be seen—the bone is something you brought with you.",False,2.2609,32.1308,68.8178
肯定不会是我好巴适哦真的是我哦,"Definitely not me. It's so comfortable... Oh, it's really me!",巴适|哦(语气词),1,"Definitely not me, it feels so good, and it's really me!",False,23.7345,52.7243,74.5062,"It definitely can't be me, so comfortable. Oh, it really is me.",False,17.9156,54.9338,73.6734
长身体的小朋友老人还有啥子做了手术的亲戚朋友,"Whether it’s growing kids, the elderly, or friends and relatives who just had surgery.",啥子,1,"Children who are still growing, the elderly, and relatives and friends who have had surgery.",False,23.2879,56.4764,77.1305,"Growing kids, elderly folks, and any friends or relatives who've had surgery.",False,13.1108,53.9104,76.441
走过路过千万不要错过今天用一条草鱼来做一个江湖汗蒸鱼这个味道巴适我来操作你来评说将草鱼从背部改刀清洗干净之后哈我们在背面跟他打上花刀方便入味儿,"Step right up, don't miss out! Today, we’re using a grass carp to make a 'Jianghu-Style Steamed Fish.' The flavor is absolutely heavenly! I’ll do the cooking, and you be the judge. First, butterfly the carp from the back, wash it thoroughly, and then score the back with diamond cuts so the flavors can sink right in!",巴适|哈(语气词),1,"Don't miss out today as I make a ""Jianghu Steamed Fish"" with a grass carp. This is going to be delicious! I'll do the cooking, and you be the judge. First, I'll score the cleaned grass carp along its back to help it absorb all the flavors.",False,22.5709,42.4209,69.7068,"Don't let this slip by! Today, I'm making a riverside steamed fish with a grass carp—trust me, it's legit. I'll handle the cooking, you handle the judging. After cleaning the fish and scoring its back, we'll cut crisscross patterns on it to let the flavor soak in.",False,5.0209,32.3892,66.6516
等通知重点是啥子呢还没有过你说嘛搞那么复杂做啥子嘛,Just waiting for the notice? Wat is even the point here? It hasn't even cleared yet! Why are you making it so damn complicated?,啥子|嘛(语气词),1,"The main point is that we haven't heard back yet, so why make it so complicated?",False,4.0087,26.6945,72.1276,"Wait for the notice. What's the main point? It hasn't passed yet. Just tell me, why make it so complicated?",False,11.4388,41.3676,74.6469
好吃安逸巴适牛肉今天是烧耙了的因为刘德,So delicious and satisfying! The beef is incredibly tender today because of Liu De.,安逸|巴适,2,The beef was so delicious and satisfying today because it was cooked just right by Liu De.,False,16.9065,58.2496,73.0339,"The beef is absolutely delicious, tender, and satisfying—today it's been slow-cooked until soft, thanks to Liu De.",False,12.5822,49.9263,70.6949
很巴适的第六个菜就是个水煮雪花牛肉,"The sixth dish, which is so delicious, is Poached Marbled Beef in Hot Chili Oil.",巴适,1,The sixth dish was a wonderfully satisfying boiled snow beef.,False,7.9335,25.92,69.8498,"The sixth dish, which is very satisfying, is just boiled snowflake beef.",False,30.7043,38.0067,71.5452
遇到你那么个猪队友下回做活路哪个龟儿子再喊你,"I can't believe I got stuck with a trash teammate like you! Next time we have a job to do, I'll be damned if anyone ever calls you again!",龟儿子,1,"I'm not working with another useless teammate like you again—next time anyone asks, I'm out.",False,4.3539,34.617,63.0971,"Running into a teammate as useless as you—next time we’re working, who the hell would even call you?",False,1.5712,25.3429,53.1462
不晓得为啥子可能是直觉吧我总觉得那个宋玉德有问题曲珍拿起笔记本对吴东国说,"I don't know, maybe it's intuition. I always thought Song Yude was suspicious."" Qu Zhen turned to Wu Dongguo with her notebook and said.",啥子,1,"I don't know why, maybe it's just intuition, but I have a feeling that Song Yude is shady. Qu Zhen picked up her notebook and said to Wu Dongguo.",False,18.5186,56.0414,79.3222,"""I don't know why, maybe it's just intuition, but I always feel that Song Yude has a problem."" Qu Zhen picked up the notebook and said to Wu Dongguo.",False,19.2232,58.0183,79.082
你硬是看到火就发红了这个找人家见面第一句话打招呼是,"You really rush in the second you see a spark. So, what's supposed to be the very first icebreaker when you two actually meet? ",硬是,1,"You really jump straight to the point, don't you? The very first thing you say when meeting someone is...",False,5.1683,29.6396,57.1467,"You really get all fired up the moment you see a spark, huh? And that opening line when meeting someone for the first time—what's the greeting?",False,11.3919,34.1107,71.7924
还是白漉漉的自己肯定安逸我还是不要把尾巴甩了我想办法把那个小吃,"It looks so perfectly pale and juicy, it's gonna taste amazing for myself! I shouldn't spoil my appetite though. I need figure a way out for the snack...",安逸,1,It's probably better to just do it myself. I'll figure out a way to get that snack.,False,3.092,20.3234,55.0567,Still being clean and carefree myself is definitely comfortable. I'd better not show off or act cocky. I'll try to get that snack somehow.,False,1.676,22.8779,58.9461
这个水还是多安逸的,This water is still very comfy.,安逸,1,This water feels so nice and comfortable.,False,12.2231,37.5983,86.8679,This water is quite comfortable.,False,27.4825,45.5931,91.5576
你就会说管我锤子事老子只有一套房子又不得卖涨也好跌也罢,All you gonna say is: who gives a crap? I’ve got exactly one property to my name and it’s not for sale. It can double in price or drop to zero for all I care!,老子,1,"You just mind your own damn business. I only have one house and I'm not selling it, so whether prices go up or down, it's none of my concern.",False,1.5231,18.5538,73.149,"You just keep saying, ""None of my damn business,"" but I only have one house and I'm not selling it. Whether it goes up or down, it doesn’t matter.",False,1.5344,17.2982,71.8495
确实是很实惠的而且这个房子是双位如果你对我们的房子感兴趣对价格也满意你可以在评论区留言或关注我我带大家实地看现场,"It really is a great deal, and this place comes with double bathrooms! If you’re interested in our property and happy with the price, feel free to drop a comment below or follow me. I’d love to take you all on a live, on-site tour!",确实,1,"It's really a great deal, and this is a two-bedroom apartment. If you're interested in our place and the price works for you, feel free to leave a comment in the section below or follow me, and I'll take you for an in-person tour.",False,25.2873,50.9406,81.7037,"Indeed, it's very reasonably priced, and this house has two units. If you're interested in our property and satisfied with the price, feel free to leave a comment or follow me. I'll take you to see it on-site.",False,27.5261,50.3496,78.1232
所以这个妖精麻将的可变空间确实太大了就看你是啥子思路,"So, the room for variation in this 'Yaojing Mahjong' is honestly massive. It really just comes down to what your overall strategy is.",确实|啥子,2,The variable space in this variant of Mahjong is incredibly large; it all depends on your approach.,False,3.5222,21.8683,79.9007,So the flexibility of this tricky mahjong game is indeed too huge—it all depends on your strategy.,False,2.2399,23.0394,77.4777
看样儿着得住有点来不及了直接睡到地上哎呀你个球队确实有点穷连单价都买不起,"Looks like they couldn't hold on, so they just slept right on the floor. Jeez, this team is so poor that they can't even afford a single room.",确实,1,"Looks like it's too late to make it, just gonna crash on the floor. Damn, your team is seriously broke, can't even afford a single unit.",False,22.734,44.6414,62.9428,"It looks like we’re running out of time, so just sleep on the floor. Damn, your team is really broke—can’t even afford a sheet.",False,13.7936,38.3957,74.6655
它存在短路现象啥子叫短路现象呢就是当我们运算时,"So, it exhibits a short-circuit phenomenon. What exactly is short-circuit evaluation? Well, it means that when we are executing",啥子,1,It has a short-circuit phenomenon. What is a short-circuit phenomenon? It's when we're performing operations...,False,17.8687,47.6667,75.4721,It has a short circuit phenomenon. What is a short circuit phenomenon? It means that when we are computing...,False,21.3311,51.6152,74.6686
他愿意退愿意退车让你亏三万块钱因为那个车确实我本来在,"He agreed to let you return the car, but you're gonna be down thirty grand. Regarding that car, I was actually...",确实,1,"He's willing to let you take a loss of 30,000 yuan on the car because... well, the car was originally mine to begin with.",False,10.129,26.7276,70.2994,"He's willing to accept a refund for the car and let you take a loss of 30,000 yuan, because honestly, that car was originally...",False,8.6896,30.9639,69.0955
谢谢大家了味道硬是安逸得很明天咋子欢迎大家在评论区留言哈,"Thank you so much, everyone! The flavor was honestly pure perfection! What should we do for tomorrow? Let me know in the comments section below!",硬是|安逸|哈(语气词),2,"Thanks everyone, the food was absolutely amazing! Feel free to leave a comment in the section below about what you'd like to have tomorrow.",False,4.302,35.6819,79.6841,"Thank you all, the taste is truly amazing. What about tomorrow? Feel free to leave your comments below.",False,4.1592,27.4331,81.0293
还好对家还在扯童子出来我这同情应该是没得啥子问题了,"Thankfully, my opposite player is still dumping Circles. At this rate, there shouldn't be any problem for my 'Full Flush of Circles' to win!",啥子,1,"Fortunately, my opponent is still bringing up that childish nonsense, so my sympathy should be pretty solid.",False,4.3168,26.0048,48.0186,"Fortunately, the opponent is still pulling some childish stunt, so my sympathy here should be no problem at all.",False,3.7192,29.6848,48.2239
这种花草滋润这个叫啥子狗牙根耐猜的那个肥牛羊狗,"This grass is growing so lush and healthy. It’s called Dog's Tooth grass. It's super wear-tolerant, and it’s great for feeding cows, sheep, and dogs!",啥子,1,"This type of grass, which is called Bermuda grass or cynodon dactylon, is so nutritious it could make any livestock fat.",False,2.0356,20.2773,49.8483,"This kind of plant nourishes what is called Bermuda grass, which is tough enough to withstand grazing by cattle, sheep, and dogs.",False,13.5884,29.5051,64.2438
下一位下一位老表宗教城那么搞中教城盘龙那个地方啊我买起我心头都发慌价格贵得抠看还不说,"Next, next! Man, that 'Zhongjiao City' over in the Panlong area? Buying a place there would honestly give me a panic attack! The price is insanely extortionate, and that's not even...",老表,1,"Next in line, next in line! That Religious City place? Or the one in Panlong? Man, even just thinking about buying something there makes my heart race. The prices are ridiculously expensive, and that's not even mentioning the poor quality.",False,11.1431,39.6422,65.896,"Next one, next one, bro. Over at the Religious Town area, that place over there—Zhongjiao City, Panlong—just thinking about buying there makes my heart race. The prices are sky-high, and that's not even mentioning the quality.",False,12.0372,43.2805,65.8822
那个房子的话确实它是一个一梯两户南北通透的户型哈,"This apartment is definitely a premium layout with one elevator serving just two units, with north-south cross ventilation.",确实|哈(语气词),1,"That apartment is indeed a well-designed unit with two apartments per floor, featuring north-south transparency for optimal airflow and light.",False,4.8853,33.153,77.4673,"As for that house, it's indeed a unit with one elevator serving two households, and it has a north-south through layout.",False,12.3849,42.0748,75.7251
智慧改变人生不过我现在那一个小担心那些贼娃子以前偷钱偷张卡就对了以后是不是要直接,"Smart tech really changes lives. But I do have this one tiny worry: back in the day, those little pickpockets were happy just stealing some cash or a card. In the future, are they gonna have to...",贼娃子,1,"Smart choices can change your life, but right now I've got this small worry: back then, those thieves only stole cash and cards. I'm just wondering if they're going to start going for bigger things now.",False,4.8274,29.9369,78.0865,"Wisdom changes life. But right now, I've got this little worry—those thieves used to just steal cash or a card, but now, are they gonna start taking people directly?",False,12.1883,37.7049,72.975
都认可他的能力对他的人品已没得啥子恶感,"Everyone acknowledges his abilities, so no one holds megative feelings about this character.",啥子,1,Everyone acknowledges his ability and holds no ill will toward his character.,False,13.4851,55.1267,79.1959,"Everyone acknowledges his abilities, and they no longer have any negative feelings about his character.",False,28.176,77.3822,82.411
那就安逸下酒干巴适得干,Now this is what I call the ultimate booze food! Pure bliss!,安逸|巴适,2,That's some fine dried meat to go with my drink—completely satisfying!,False,2.8666,15.052,51.8062,"That's so satisfying, perfect with a drink—dry it up, just right!",False,2.8398,12.6772,50.049
好的成功打瘸五万又出来了那必须碰我也不晓得对家手中是啥子牌但九桶利用率很低那就先打九桶,"Alright, I successfully cleared my Characters, but another 5-Character just showed up. Well, that’s a must-pong for sure! I have no idea what my opposite player is holding, but this 9-Circle has zero utility right now, so let’s dump the 9-Circle first.",啥子,1,"Alright, I successfully knocked out 50,000 and now I'm back in the game. I have to play against them, but I don't know what cards they have. The nine-buckets are not very useful right now, so I'll start with those.",False,10.2315,29.0618,60.5748,"Alright, managed to cripple 50,000 and now it's out again. Gotta bump it. I don’t know what tiles the opponent across has in hand, but the nine of circles has low utility, so I’ll discard the nine of circles first.",False,2.9932,25.8052,54.6807
再上底色趁底色还没干透开始抓花啥子叫抓花烟,"Next, apply the base coat. While the base coat is still wet, start scratching out the patterns. So, what exactly do we mean by 'scratching out patterns'? Well...",啥子,1,"While the base coat is still wet, apply the top color to create a marbled effect. This technique is called ""zhuā huā yān"" (marbling).",False,21.9183,34.6629,66.0057,"Apply the base color again, and while it's still wet, start 'catching the pattern'—you know, creating the smoke-like marbled effect.",False,7.9293,37.8627,71.2977
方便了出门都是二校出门都是新世纪周围买买点东西啊买点吃的喝的用的啊那是相当的安逸朋友们,"It's just so convenient! Step out the door, and you've got the No.2 School right there, plus the New Century Shopping Mall. Grabbing groceries, getting a bite to eat, a drink, or daily essentials—it is honestly pure bliss, my friends!",安逸,1,"It's super convenient to go out now. You're always near Erxiao or Xinshiji shopping malls, so you can easily grab whatever you need—food, drinks, daily supplies. It's really comfortable and hassle-free for us folks.",False,1.3251,25.3307,67.8107,"When it's convenient, you step out and you're right at Erxiao, or just a few steps away from Xinshiji. You can buy some stuff around—snacks, drinks, daily necessities—it's super comfy and chill, my friends.",False,4.4595,28.9584,65.2098
把大画小不是把小画大是啥子问题就修啥子他这个本驰是啥子问题嘛,"You are supposed to minimize big issues, not blow small problems out of proportion! Just fix only what's actually broken. So what on earth is wrong with his Benz anyway?!",啥子|嘛(语气词),1,Making a big picture smaller isn't a problem; making a small picture bigger is. What's the issue with his Benchi?,False,2.6734,24.687,55.4406,Fixing big issues instead of small ones — that's not the problem. The real problem is fixing what needs fixing. What's wrong with his Benz?,False,9.3935,33.6522,74.5837
我儿豁只有找到川渝婆娘才明白的道理衣架子,"Holly shit, you don't truly know what a 'clothes hanger' is capable of until you get yourself a Sichuan/Chongqing wife.",婆娘,1,"Only after finding a woman from Sichuan or Chongqing will you truly understand the meaning of ""衣架子"" (yī jià zi) - a term that refers to someone with a great figure, like a clothes hanger that makes any outfit look good.",False,1.3463,34.7061,56.1439,"I swear to god, some things you only understand when you end up with a woman from Sichuan or Chongqing—like why we call clothes hangers 'yì jià zi' (shoulder racks).",False,1.7036,33.7124,62.8714
我真的很想问一下自己为啥子不打一筒出去,I seriously need to ask myself: why on earth didn't I just dump that 1 bamboo?!,啥子,1,I really wanna ask myself why I didn't just play a straight tile.,False,5.4355,27.0314,62.4639,I really want to ask myself why I didn’t play that one bamboo tile.,False,9.5747,33.057,58.9572
的小西嘎嘎走,Walk it out!,嘎嘎,1,My little one is walking around.,False,0.0,21.2238,54.2824,"Walk step by step, little by little.",False,4.7677,17.7817,44.2908
你们莫说那个肺啊洗的时候确实难洗但是随便你炖稍微加点辣椒炖炖出来真的好吃啊,"Don't judge, guys! Cleaning tripe or lung is honestly a total nightmare. But once it's clean? Just stew it however you like with a touch of chili, it comes out so incredibly delicious!",确实,1,"I know the lungs are hard to clean, but once you stew them with a little chili, they turn out incredibly delicious.",False,3.6159,30.3646,68.9741,"Don’t even mention those lungs—they’re a real pain to wash, I tell ya. But no matter how you stew ’em, just throw in a little chili, and once they’re done, oh man, they’re absolutely delicious.",False,3.1809,27.9934,68.4384
我以为哎老师你狗子跑了回来跑不了庙老子回来之后收拾到你狗日的,"I thought—hey, teacher! Your dog's run off! You might have slipped away now, but I know where you live! Once I'm back, I'm gonna kick your ass, you son of a bitch.",老子,1,"I thought your dog ran away and couldn't get back, but I'm back now and I'm gonna deal with that son of a bitch.",False,12.3529,34.2306,69.6649,"I thought, hey teacher, your dog's run off—but the temple can't run away. Once I'm back, I'll deal with you, you bastard.",False,8.7507,37.1321,65.7052
当然他不会真希望男人被砍了脑壳同义词神经病背时的,"Of course, he doesn’t actually want the man to be decapitated, that's just a synonym for 'freak,' or 'goddamned troublemaker.'",背时,1,"Of course, he doesn't really want the man to be beheaded—what a psycho, the damn idiot.",False,23.6016,38.7407,67.8366,"Of course, he wouldn’t actually want the man to get his head chopped off.  
Synonyms: crazy, unlucky bastard.",False,23.8313,39.4891,62.3038
就给大家做好喽配上火爆鲜辣过硬的口感口味独特真的巴适,"There you go, all done! It’s got that signature blazing-hot, crisp, and hard-hitting kick. The flavor is unique and very satisfying!",巴适,1,"We've got it perfectly prepared for you with a fiery, fresh, and bold kick. The texture is spot-on, the flavor is truly one-of-a-kind, and honestly, it's just pure bliss.",False,6.4189,29.678,73.0009,"Here it is, made just for everyone — paired with a fiery, spicy kick and a bold, rock-solid texture. The flavor is truly one of a kind — really, really satisfying.",False,7.8438,31.354,72.3127
瓜娃子真的,"What an idiot, really.",瓜娃子,1,You're such an idiot.,False,19.3577,32.2162,81.0685,The guy's really a dummy.,False,9.6524,24.2283,64.4729
啥子品种乖不乖当然乖了,What breed is it? Is it good-looking? Of course it is.,啥子,1,Of course the breed is good!,False,6.8334,31.5859,63.2169,What breed is it? Is it well-behaved? Of course it is!,False,69.9752,63.5537,80.2633
那个味道硬是安逸的很哦我先吃了哈,The taste is so damn good. I'll go ahead first!,硬是|安逸|哈(语气词)|哦(语气词),2,"That taste is just so damn good, I'm gonna have some first.",False,14.4589,44.8329,84.8801,"That flavor is truly delightful. I'll go ahead and eat first, alright?",False,18.2071,37.4561,82.7013
你吹啥子啊你干你的哇喊你快点快点查的你再给我员工嗦快点说快点瓜娃子,"What are you bragging about? Do your job! Hurry up! Stop chatting with my employees! Hurry up, stop chatting, you idiot.",啥子|瓜娃子,2,"What are you bragging about? Get back to your work! I told you to check it faster! Tell your employee to hurry up! Speak faster, you idiot!",False,20.3372,47.1826,75.3359,"What are you bragging about? Just mind your own business, alright? I told you to hurry up and check! Talk to my staff again? Hurry up and say it, you idiot.",False,21.3372,45.1446,73.0042
加生抽老抽调味那颗甜蜜蜜的冰糖摊开下猪蹄哇现在看到都安逸然后我们盖上盖子,"Season it with light and dark soy sauce, then scatter in those sweet little crystal sugars. Drop in the pork trotters. Wow, they look so incredibly mouthwatering already! Now, let's pop the lid on.",安逸,1,"Add light and dark soy sauce for seasoning, along with that sweet rock sugar, and spread it out under the pig's trotter. Just looking at it now is so satisfying. Then we'll put the lid on.",False,16.6991,37.5311,68.669,"Add light and dark soy sauce to season, then toss in that sweet rock sugar. Once the pig trotters are spread out, wow, just looking at them now feels so satisfying. Then we cover the lid.",False,12.6321,37.9787,70.9037
我说那儿不是骗钱的没得事就当娱乐一下我以前抓娃娃凶的劈爆他那个爪爪设置过的哪个抓得起来老子把鸡蛋,"I told you it’s not a scam, but hey, it’s just for fun. I used to be an absolute beast at claw machines. But their claw is definitely modified. No one can win that. If they do, I swear I’ll eat a raw egg...",老子,1,"I'm just saying, those claw machines are basically scams. If you've got nothing better to do, treat it as entertainment. Back in my day, I was a beast at claw machines—I could shatter those claws with my bare hands. Whoever set the machine's grip clearly had no idea what they were doing—there's no way you could grab anything with it. I could probably crush an egg with that thing.",False,4.0514,29.8466,67.0159,"I'm just saying, it's not a scam—no big deal, just treat it as entertainment. I used to be a beast at grabbing prizes from claw machines. But that claw? It's rigged. No one's gonna win that. I swear on my life.",False,16.7942,41.9051,71.2932
你练嘛我看哈你有啥子能耐有啥本事,"Go ahead and train, show me what you're capable of!",啥子|哈(语气词)|嘛(语气词),1,Let me see what you've got. Show me what you're capable of.,False,26.5848,55.0574,76.0338,"Go ahead and show me what you've got, let me see what kind of skills and abilities you really have.",False,11.6193,46.5529,76.8725
该喊你娃放假估到去屋头休息那你不听那下好了噻跑出去找坑了哦像我们那种啊都不得找坑那么多钱为啥子呢穷哦耍不起根本就不敢出去,"You should tell your kids just stay home and chill during the holiday, but you just wouldn't listen! Look at you now, they went out and got scammed! People like us never get scammed like that, you know why? Cause we're broke as hell! We can't afford to have fun at all, so we just don't dare to step foot outside!",啥子|噻|哦(语气词),1,"When I told you to go home and rest during your vacation, you wouldn't listen. Now look what's happened—you've gone and gotten yourself into trouble. People like me can't afford to get into trouble; we're too poor to even go out and have fun.",False,4.1531,33.1678,71.7054,"I told you to stay home and rest during the break, but you wouldn't listen. Now look what happened—you went out and got yourself into trouble. People like us, we never end up in these messes. Why? 'Cause we're broke. Can't afford to play. We simply don't dare to go out.",False,10.4323,44.2222,74.0724
朱高兴三番两次不敢走如今要迁都了他却执意要留在南京他到底想干啥子不能再拖了让他马上就滚,"Zhu Gaoxing has backed out again and again. Now that the capital is being moved, he still insists on staying in Nanjing. What on earth is he trying to do? We can't delay any longer—get him out of there immediately.",啥子,1,"After Zhu Gaoxing repeatedly refused to leave, now that the capital is being relocated, he insists on staying in Nanjing. What on earth is he trying to pull? This can't be dragged out any longer—tell him to get lost immediately.",False,40.1116,62.5163,75.0606,"Zhu Gaoxing repeatedly dared not leave. Now that the capital is to be moved, he insists on staying in Nanjing. What the hell is he trying to do? This can't be delayed any longer—tell him to get the hell out right now.",False,36.6387,56.193,81.1323
生气哦可以安逸安逸巴适巴适,"Feeling grumpy? Relax—it'll all be great, nice and easy.",安逸|巴适|哦(语气词),2,"When you're angry, you can relax and feel comfortable.",False,4.5037,17.7053,58.3244,"Getting angry? You can just take it easy, relax, and feel good.",False,3.657,20.753,68.9523
做干锅兔到底用不用穿水要咋个做才麻辣鲜香外酥里嫩看完这个视频你就明白了啊,"Should you blanch the rabbit before making dry pot rabbit? What's the right way to make it spicy, fragrant, crispy outside and tender inside? Watch this video and you'll find out.",咋个,1,"Should you blanch the rabbit for dry pot cooking? How do you make it spicy, numbing, fresh, and aromatic with a crispy outside and tender inside? Watch this video and you'll understand.",False,44.4728,64.596,77.6624,"Do you need to blanch the rabbit when making dry pot rabbit? How do you make it spicy, fragrant, crispy on the outside, and tender on the inside? Watch this video, and you'll understand!",False,37.5623,65.8165,83.4511
整几箱送过去我们老头妈老汉啊就喜欢你们荣成家人这个牌子记得嘛好好记到整机箱记到的记到的记到的,"Let's send a few cases over. My parents really like your Rongcheng Jiaren brand. Remember that, okay? Make sure to send a few cases. Got it? Got it. Got it.",老汉|得嘛|嘛(语气词),1,Send a few cases over to my folks. They really love the brand from your Rongcheng family. Make sure you remember that clearly - mark every single case. Got it? Got it? Got it?,False,22.938,51.0087,67.5426,"Send a few cases over. Our folks — my dad and mom — really like your brand, Rongcheng Family. Remember that, okay? Make a note of it. Send a few cases. Got it? Got it? Got it?",False,41.1292,64.7259,77.1304
尿布是要用好多来自啥子尿不湿但是叫尿片片,"How many diapers do you want to buy?Not diapers, we call it nappy pads.",啥子|片片,2,"Diapers are called ""尿片片"" (piàn pian) here, even though they're the same thing as disposable diapers.",False,2.2732,25.4565,59.3509,"The diaper is supposed to be used a lot, it's from some kind of diaper, but it's called a ""diaper piece.""",False,1.9012,24.3166,52.0035
松哥正在准备一些更巴适的东西到时候我们一起打牙祭,"Brother Song is getting some even better goodies ready, and when the time comes, we'll have ourselves a proper feast.",巴适,1,"Brother Song is preparing something even more awesome, and we'll treat ourselves to a feast together when it's ready.",False,9.8136,45.1845,83.4663,"Song Ge is preparing something even more comfortable and satisfying, so when the time comes, we can all feast together.",False,19.1866,39.2354,76.7122
咋打了老子耳屎给你唱过来最近发现一首中文儿歌,What's your problem? I'll smack you right across the ear! I recently came across a Chinese nursery rhyme,老子,1,I'll slap you so hard you'll hear it ringing in your ears. Recently discovered a Chinese nursery rhyme.,False,13.7859,38.9881,67.6753,How dare you slap me? I'll sing this back to you — I recently found a Chinese nursery rhyme.,False,15.8213,41.3963,72.4502
好不容易摸张六万这个时候都舍不得杠下去毕竟上涨确实太撇了,"I finally drew a six-characters tile, I didn't dare to declare a kong. The wait for a better hand was too risky.",确实,1,"I finally drew a six of characters, but I wasn't willing to kan it at that moment. The rise was just too weak.",False,12.7895,39.0314,55.3646,"After all the trouble, I finally drew a 60,000 tile. At a moment like this, I just can't bring myself to kong it, because the upward trend is really too weak.",False,9.2612,30.6822,59.7037
路上跑着来最后把脚跑痛了婆娘坐在路边人哭考死恼火了,She ran all the way until her feet were sore. Then the wife sat down by the roadside and burst into tears. It was such a miserable situation.,婆娘|恼火,2,"Ran all the way here and ended up with sore feet. My wife sat on the roadside, crying her eyes out, and I was so pissed off.",False,7.8033,34.9199,73.468,"I ran all the way here, and in the end my feet were killing me. My wife sat by the roadside crying — she was so upset she was almost dying of worry.",False,12.4164,39.8927,71.3787
用小火哈我们把它全部炒香你看下起那个颜色都巴适的斑,"Keep the heat low, okay? Stir-fry everything until fragrant. Look at that color—it looks absolutely perfect.",巴适|哈(语气词),1,Turn down the heat and stir-fry everything slowly until you see how beautifully golden brown it gets.,False,4.8332,32.4929,73.1223,"Use low heat, okay? Let's stir-fry it all until fragrant. Just look at that color—it's perfectly lovely.",False,13.9885,51.8017,85.7898
但是我对以色列人哈确实也恨不起来,"But honestly, I just can't bring myself to hate the Israeli people.",确实|哈(语气词),1,But I really can't bring myself to hate the Israelis.,False,38.9021,62.0664,90.8369,"But honestly, I just can't bring myself to hate the Israelis either.",False,77.4403,87.4683,91.3334
我硬是实在没得办法了,I'm completely out of options.,硬是,1,I really have no other options left.,False,6.5673,26.8677,86.8527,I really have no other choice.,False,6.5673,9.716,83.0409
哎我一看确实巴巴适适的结果把钱给了还没走到半条该咋这样子,"It looked perfectly fine to me, so I paid. But before I'd even gone halfway down the street, things went wrong.",确实|巴适,2,"I was so pleased with the service that I paid for it, but before I'd even gone half the distance, the problem happened all over again.",False,11.1467,37.8268,75.1142,"Hey, I took one look and it was all neat and perfect, so I paid up. But then I hadn’t even walked half a block, and it turned out like this—how could it be?",False,7.5458,30.651,68.9923
王总小老爷子从小到大你都能够客气哎呀硬是,"Mr. Wang, you've always been so polite ever since you were young. Honestly, you really haven't changed.",硬是,1,"Mr. Wang, you've always been so polite and courteous since you were a kid, it's truly admirable.",False,44.3448,53.1227,83.8721,"Master Wang, from a young age to now, you've always been so polite — 哎呀, really now.",False,25.9825,42.6688,65.5835
我得擦原因是啥子我吃不得我一天累掉下来从早到晚有时间,Let me tell you why. I simply can't keep up—I'm exhausted from morning till night every single day.,啥子,1,The reason I'm complaining is that I'm so exhausted from working all day without a break that I don't even have time to eat.,False,3.7879,30.5571,68.9069,"Let me tell you the real reason — I can’t eat it. I’m exhausted every single day, from morning till night, with no time at all.",False,20.6674,59.6151,69.0837
哇这两个大这两个巴适,"Wow, these two are big.They look fantastic.",巴适,1,"Wow, these two are so cool!",False,35.531,42.4673,73.2878,"Wow, these two are perfect!",False,34.7182,41.2103,69.1457
时代在飞跃的发展现在已经是信息化了连老太婆不好,Times are advancing at an incredible pace—we're living in the information age now.,老太婆,1,"The times are advancing so rapidly that we're now in the information age, and even old ladies are getting tech-savvy.",False,13.8178,52.9722,74.9335,The times are advancing rapidly. Now it's the age of information—even old ladies can't keep up easily.,False,5.0912,41.7709,65.4779
小作儿你又跑了硬是逮不到你哦,"Hey, you little rascal! Ran off again!I really can't catch you.",硬是|哦(语气词),1,"You little rascal, you ran off again! I just can't catch you.",False,36.6059,67.4561,90.2016,"You little rascal, you've run off again—I really can't catch you, huh?",False,19.6678,70.9258,88.449
看看我的真正的祖母哇塞快来我打下的江山我的房子有点大要跟上哦这边是我的一个书房霸道总裁的感觉小说都不敢这样写我的祖真喜庆,"Come take a look at my ancestral home! Wow, come on in. This is the home I've built for myself. It's pretty big, so keep up! And over here is my study room. It feels like something straight out of a CEO drama—even novels wouldn't dare write it like this. My house is really rare.",霸道|哦(语气词),1,"Check out my real grandma! Wow, come see the empire I've built. My house is a bit big, so keep up! This is my study. It has that overbearing CEO vibe—novels don't even write stuff like this. My ancestors are so festive!",False,21.5931,40.2677,62.4917,"Look at my truly amazing grandmother! Wow, come quick—this is the empire I’ve built. My house is kinda big, so keep up. Over here is my study—gives off major CEO vibes. Even novels wouldn’t dare write it like this. My ancestor is so full of joy and good fortune!",False,25.4704,47.9083,64.822
脖子掉日你妈肚子是吊啊老子的桌子啊打桌子大,"The cup fell, and you even smashed my table!",老子,1,"""Neck drop into your mom's belly is hanging, ah my table, ah hit the big table.",False,4.2377,24.6918,41.2772,"Your neck’s hangin’—damn your mom’s belly—it’s danglin’ right on my table, man! Hittin’ the table, big as the table!",False,4.6575,24.7157,39.0826
应该是外地的哈本地的应该这个时候没得千玉米这种炒起就非常的安逸,"It's probably from out of town. The local corn isn't usually available this time of year. Stir-fried like this, though, it's absolutely delicious.",安逸|哈(语气词),1,This must be from out of town. We locals don't usually get sweet corn at this time of year. It's absolutely delicious when stir-fried.,False,29.0026,56.5722,80.5581,It must be from out of town. Locals probably wouldn't have this kind of dried corn to stir-fry at this time of year — it's really satisfying.,False,22.5349,42.3161,78.7041
经常吵闹导致夫妻感情确实破裂社会的丈夫,Constant arguments really can destroy a marriage.,确实,1,A husband whose constant arguments have truly destroyed his marital relationship.,False,4.0272,48.5163,75.3891,"The husband, whose marriage has indeed broken down due to constant quarrels, is a member of society.",False,2.5198,31.7933,55.7985
一直爬到山顶城市尽头的神女大道安逸得板,We climbed all the way to the mountaintop. The view from Shennü Avenue was absolutely amazing,安逸,1,The Goddess Avenue stretching to the city's edge at the mountaintop is incredibly relaxing.,False,7.482,31.8312,58.6542,"Keep climbing all the way to the top of the mountain, where the Goddess Boulevard at the edge of the city is incredibly comfortable.",False,14.1539,36.7552,60.9524
那你喜欢我讲普通话还是讲四川话我也喜欢你是个瓜婆娘哦那我还是当瓜婆娘嘛不说话,"So, do you prefer hearing me speak Mandarin or Sichuan dialect? — I like both. — ""You're such a silly girl."" — Fine, I'll be the silly girl then... I'll just keep quiet.",婆娘|哦(语气词)|嘛(语气词),1,So do you prefer me speaking Mandarin or Sichuanese? I like that you're a silly woman. Then I'll just be a silly woman. Not talking.,False,5.9616,40.2993,70.4232,"Then do you like me speaking Mandarin or Sichuanese?
I also like that you're a silly goose.
Oh, then I'll just be that silly goose and say nothing.",False,3.9056,38.3928,67.1506
设置那种玄关的确实是比较少当然四百八十六个平方的宅,"Homes with an entrance foyer like this are actually quite rare, especially in a house with 486 square meters of living space.",确实,1,"Homes with that kind of entryway are quite rare, especially for a 486-square-meter residence.",False,13.3313,40.8782,80.7834,"It is indeed quite rare to set up that kind of entrance hall, but of course, the residence is 486 square meters.",False,8.166,35.9034,69.2405
谢谢你再找个鱼塘呀有媳妇真安逸红烧菜也有汤也有你怕去跟你小舅舅闹理由订购的火柴总比吃外卖好警车检查对对海带灭就会打开,Thanks for going to find another fish pond. It's great having a wife—there's braised food and soup.The meals ordered from your youngest uncle are certainly better than eating takeout.,安逸,1,REFUSAL,False,0.0,0.0,26.9311,"Thank you! Find another fish pond. Having a wife is so comfortable. There are braised dishes and soup. You're afraid to go and argue with your little uncle. The matches you ordered are always better than ordering takeout. Police car inspection, right. Once the seaweed is gone, it will open.",False,7.9007,47.8437,54.8148
扎个大的血了我错了然后你心口头加一句嘛老子认到你本身就错了对不对嘛早就跟你说清楚了的,"I've really messed up. I admit I was wrong. Then you add, ""I already admitted it was my fault, didn't I? I told you clearly from the very beginning.""",老子|嘛(语气词),1,"I messed up big time, fine, I admit it. You can just add ""I knew it all along"" to that, since you were wrong in the first place, weren't you? I already made that clear to you.",False,4.2786,30.7743,73.8973,"I messed up big time, alright? I was wrong. Then you gotta add one more line from the heart—'I shouldn’t have crossed paths with you in the first place,' right? I told you clearly a long time ago.",False,21.5415,40.4575,63.0808
不要乱丢感觉这里比较适合喜欢徒步探险而且有一定经验的朋友我觉得如果你确实找不到其他地方玩了那可以过来体验一下,"Don't litter. I think this place is better suited to people who enjoy hiking and have some outdoor experience. If you really can't find anywhere else to explore, it's worth coming here for the experience.",确实,1,"Don't litter. I feel this place is more suitable for friends who enjoy hiking and have some experience. I think if you really can't find anywhere else to go, you can come and experience it.",False,40.0018,62.8871,82.4212,"Don't litter. It feels like this place is more suited for friends who enjoy hiking and have some experience. I think if you really can't find anywhere else to have fun, then you can come check it out.",False,35.1107,61.0687,82.4493
我跟你们说嘛没有用完的调料拿来下面打淡水啊都是安逸的很的如果觉得幺妹儿做的还不错啊还是记得给幺妹儿点点赞点点关注哦蚊子哥哥快点回来吃饭呐,"Let me tell you, any leftover seasoning works great for this dish. If you think I did a decent job, don't forget to give me a like and a follow. Brother Wenzi, hurry back and let's eat!",安逸|哦(语气词)|嘛(语气词)|幺(称谓/方言),2,"Let me tell you, if you have leftover spices, just add them when you cook noodles with plain water—it's super delicious! If you think what I've made is pretty good, remember to give me a like and follow me! Mosquito bro, hurry back for dinner!",False,21.0965,42.4834,73.3884,"Let me tell you, the leftover seasoning? Use it for noodles or boiling plain water—it's all real nice. If you think Little Sis’s cooking ain’t half bad, don’t forget to give her a thumbs up and hit that follow. Brother Mosquito, hurry up and come back for dinner!",False,17.1603,48.7834,66.1174
啊呀呀老公你痛不痛哦我日妈恐怕不痛嘛老公你先把上半身爬出来下半身再说啊婆娘,"Honey, are you okay? Damn it, of course it hurts! Honey, try to pull your upper body out first, and we'll deal with the rest afterwards.",婆娘|哦(语气词)|嘛(语气词),1,"Oh my god, honey, are you in pain? Damn it, that must hurt! Honey, you get your upper body out first, then we'll worry about the lower part! Woman!",False,24.9926,46.3385,72.6138,"Oh dear, my husband, does it hurt? Holy crap, I guess it doesn't hurt, right? Honey, try to crawl out with your upper body first, and we'll deal with the lower body later. Oh, my dear wife.",False,21.0907,47.9306,70.7807
你硬是没把他打的跑得快哟我想要大一个,You really beat him so badly that he ran for his life. I'll take the bigger one.,硬是,1,He really wasn't running fast enough for me. I want a bigger one.,False,8.9103,28.1614,54.7902,You really didn't make him run fast enough! I want to grow bigger.,False,5.062,26.6507,52.903
我觉得很公平老子不干了跟我来嘛,I think that's fair. But I'm done with this—come with me.,老子|嘛(语气词),1,"I think this is totally unfair, I'm out. Come with me.",False,14.4589,41.7608,79.7698,I think it's fair. I quit. Come with me.,False,17.0466,41.6003,81.181
没有啥子都没看到在这里真的啥子都没看到哪个瞎子火的嘛啥子都没看到我都莫名其妙的,"No,I didn't see anything. Seriously, I saw absolutely nothing. Only a blind person would lie to you.—I'm completely confused,too.",啥子|嘛(语气词),1,"I didn't see a damn thing here, really didn't see a thing. Who the hell set it on fire? I didn't see a thing at all. I'm completely baffled.",False,5.4749,31.3197,63.7893,There's nothing at all. I really didn't see anything here. Which blind fool started this? Nothing at all. I'm totally confused myself.,False,6.6383,35.3828,65.7602
至少这个学员懂得了啥子叫感恩这个呢也充分说明教练只要用心教,At least this student has learned what gratitude means. It also shows that as long as a coach teaches with dedication...,啥子,1,"At the very least, this student has learned what gratitude means. This also fully demonstrates that as long as coaches teach with heart, their efforts will pay off.",False,31.1828,61.3936,85.5242,At least this student has come to understand what gratitude means. This also fully shows that as long as the coach teaches with dedication...,False,54.6268,79.1455,88.0478
一一年到头他是真的是卖不到几套啊老表那些开发商是丰都城头拉二胡一天都在鬼扯,"He barely sells a few units all year round, buddy.Those developers are just playing the erhu in Fengdu ghost city—talking absolute ghost stories (nonsense) all day long.",老表,1,"Throughout the entire year, he can barely sell a few properties. Those developers in Fengdu are just full of crap, playing games all day long.",False,14.4542,42.821,71.1169,"All year long, he really can't sell more than a few units, bro. Those developers are just ghosting like they're playing erhu in Fengdu City—full of nonsense all day long.",False,25.0591,51.7594,77.2166
你们一旦错过了最好的年龄真的就很恼火虽然说你们可能因为前几年哈确实没有考虑这个事情或者说圈子确实,"Once you miss the best age for it, things can become really difficult. Maybe you just weren't thinking about it a few years ago, or perhaps your social circle wasn't right.",确实|恼火|哈(语气词),2,"It's a real headache if you miss your prime age for this. I mean, maybe you didn't consider it properly a few years back, or perhaps your social circle just wasn't right.",False,23.2879,47.887,80.3175,"Once you miss the best age, it's really gonna be tough. I mean, sure, maybe you just hadn't really thought about it in the past few years, or maybe your social circle really was too limited...",False,18.0587,47.9676,80.2676
你想说啥子我只想说今年大年三十我们公司我想不放假,What are you trying to say? — All I want to say is that I don't think our company will be taking New Year's Eve off this year.,啥子,1,"Whatever you want to say, I just want to say that for this year's Chinese New Year's Eve, my company doesn't want to give us a day off.",False,9.9829,40.4915,78.9646,"What do you want to say? All I want to say is that on New Year's Eve this year, our company probably won't have a day off.",False,32.1832,52.8684,85.3204
是哎分厂的做可以的啊是分厂煮好多点煮粉才安逸,"Yeah, the pork intestine is done well. Let it cook a little longer—it's much better once it's fully cooked.",安逸,1,"The food at the branch factory is really good! They make so many more rice noodles there, which makes it so much more enjoyable.",False,2.1721,17.4253,55.0126,"That's right, the branch factory does a decent job. It’s the branch factory that makes a lot more noodles—only then is it truly satisfying.",False,3.7965,18.6122,54.8447
你简直疯了咋个伯父你不是亲口对我说过我知道我知道你想跟我说什么,"Have you lost your mind? Uncle, didn't you tell me that yourself? — I know. I know exactly what you're trying to say.",咋个,1,"You're crazy! But didn't you tell me yourself? I know, I know what you're trying to say.",False,30.1252,51.9139,77.8279,"You must be out of your mind. Uncle, didn’t you tell me yourself? I know, I know what you’re trying to tell me.",False,11.0021,51.1433,81.7201
家都不能去你咋个治国然后又咋个平天下讲道理嘛,"If you can't even manage your own family, how are you supposed to govern a country, let alone bring peace to the world? Be reasonable",咋个|嘛(语气词),1,"If you can't even manage your own household, how can you possibly govern a country or bring peace to the world? Let's be reasonable here.",False,44.6895,65.6463,85.3995,"How can you govern the country if you can't even go home? And then how can you bring peace to the world? Come on, be reasonable!",False,22.1213,49.9156,77.4077
幺儿拿我的酒桶你们能干惨了刘九通瞬间莫得了,You guys are really something when it comes to taking my 9-Dots—the 6-Dots and 9-Dots were gone in a flash. ,莫得|幺(称谓/方言),2,"Son, take my wine barrel, and you'll get Liu Jiutong drunk in an instant.",False,1.796,14.2309,41.9907,My precious little one took my wine barrel — you guys are really something else — and now Liu Jiutong is instantly gone.,False,10.3366,36.4427,49.1004
大错特错好多三十多岁还没有找到婆家的哈都是啥子二幺幺啊九八五啊一年收入一二十个人,That's completely wrong. Plenty of women in their thirties are still single because they're highly educated—graduates from top universities—and earning excellent incomes,啥子|哈(语气词),1,It's completely ridiculous that so many people in their thirties still haven't found a spouse. They're all those 211 or 985 university graduates making only 100-200k a year.,False,5.1349,38.3739,59.8984,"Big mistake, big mistake! So many women in their thirties who haven't found a husband yet—what are they? Graduates from elite schools like 211 or 985, making a hundred to two hundred grand a year.",False,6.6151,33.3726,56.0629
快速回来的可能就是这个虽然我确实有这种想法但是像说法那种又聪明又强势的人老子才造成人家什么瓜兮兮的东西,"This is probably the quickest way back. I did have that thought, but someone as smart and strong-willed as her isn't going to fall for that kind of foolish nonsense.",确实|老子,2,"The one who might come back quickly is probably this person. Although I did have that thought, but someone who's both clever and forceful like that... I'm the one who made them all flustered and tongue-tied.",False,19.4443,42.5202,55.3432,"The one who might come back quickly is this guy. Although I do have that thought in mind, for someone as clever and domineering as Shuo Fa, I wouldn't dare to make a fool out of them.",False,5.6057,32.9872,60.5804
但现在你也晓得那个大环境都恼火,But you know what things are like these days—the overall situation is pretty rough.,恼火,1,But you know the situation is really tough these days.,False,13.2645,43.0602,85.0101,But you know how tough the overall situation is right now.,False,17.1598,46.4681,84.3733
合作之后甘欣儿你把我当瓜娃子嗦咹这么两年了咹,"Gan Xiner, after all these years working together, you've been treating me like a fool?",瓜娃子,1,"After all this time working together, Gan Xin'er, have you really been treating me like a fool for the past two years?",False,26.3787,66.7057,82.8675,"After we worked together, Gan Xin'er, you took me for a fool, huh? After all these two years, huh?",False,6.0713,43.8155,68.8061
真的相信我就行了噻小辉没有大家结婚恁个多年我才发现你吃啥子都喜欢吃啥坨坨大坨坨安逸噻你看,"Just trust me, Xiaohui. After all these years of marriage, I finally realized you like everything in big chunky bites. That's the best way to eat—look!",啥子|安逸|噻,2,"Just trust me, Xiao Hui. After being married for so many years, I've only just realized how much you love eating big chunks of everything. It's so cozy and satisfying, you know?",False,8.9169,42.4774,70.9282,"Just trust me, alright, Xiaohui? It’s not like we’ve been married for years and years. Only now do I realize that no matter what you eat, you always like it in big chunks. Big chunks are satisfying, right? See?",False,7.3995,37.6255,67.0242
因为那个河水呀确确实实太大了最后呢没有办法我还是从那两个吊桥这样过来了啊,"The river was genuinely raging. In the end, I had no choice but to cross using those two suspension bridges.",确实,1,"The river was just way too big, so in the end, I had no choice but to cross over on those two suspension bridges.",False,51.295,70.784,84.617,"Because the river water was truly too strong, in the end I had no choice but to cross over using those two suspension bridges like this.",False,37.2922,67.6411,85.1905
下家单调五条他确实是想起手就碰三条来做成大单调的牌,The next player was waiting on the five bamboo tile. He clearly intended to pong the three bamboo right from the start to build a bigger hand.,确实,1,"The player called for a single five of tiles, then immediately discarded the three of fives to complete a large sequence of three-of-a-kind.",False,3.6303,26.1391,53.4837,"The player on the lower side was holding a single 5 Bamboo tile, aiming to draw a 3 Bamboo at the very start to form a single-wait hand for a big win.",False,4.1338,32.3511,66.8302
盖的有独立的一个卫生间卫生间也有独立的窗户说实话那套房子的位置是相当的巴适房子也保持的非常好如果有喜欢那种药层盖露台的评论区联系我带你们实地看房,"It comes with a private bathroom, and even the bathroom has its own window. To be honest, the location is excellent, and the property has been kept in great condition. If you're interested in a split-level home with a rooftop terrace, leave a comment and I'll show you around in person.",巴适,1,"It has a private bathroom with its own window. To be honest, the location of this apartment is incredibly pleasant, and the unit is very well-maintained. If you're interested in this type of apartment with a rooftop terrace, contact me in the comments, and I'll arrange an in-person viewing.",False,34.5995,54.0753,82.9314,"It comes with its own private bathroom, and the bathroom also has its own window. To be honest, the location of that apartment is really great, and the place has been kept in excellent condition. If you like the idea of having a terrace on the upper floor, leave a comment and I’ll take you to see it in person.",False,35.9201,64.1658,80.057
就是为什么下架或者是说里面如果确实呼声高我再满足一下朋友们,"That's why it was taken off the shelves. But if enough people really want it back, I'll do my best to bring it back for everyone.",确实,1,"That's why I'll take it down, or if there's really high demand, I'll bring it back to satisfy you guys.",False,7.9416,33.4867,77.5769,"Why was it taken off the shelves? Or, if there’s really a lot of demand, I’ll meet everyone’s wishes again.",False,10.0558,35.1285,71.2596
必不可少的真的是硬是用洗洁精都擦不脱好久都没有吃过了,It's absolutely indispensable. The grease is so stubborn that even dish soap won't get it off. I haven't had this in ages.,硬是,1,It's an absolute essential that's so stubborn it won't even come off with dish soap. I haven't had it in ages.,False,18.2797,48.9524,74.7451,The absolutely necessary stuff is so stubborn that even dish soap can't scrub it off—haven't had it in ages.,False,30.3674,54.2647,70.5624
哦超级的安逸看到我就选了几根选了三根根儿,"Oh, this is fantastic. As soon as I saw them, I picked out three.",安逸|哦(语气词),1,"It felt so good, I just picked a few and ended up choosing three.",False,6.4546,23.2523,67.0551,"Oh, it's super comfortable. I took a look and picked a few, just three sticks.",False,5.726,27.4887,55.8618
这道螃蟹没啥子多说的肉确实新鲜,There's really not much to say about these crabs—the meat is genuinely fresh.,确实|啥子,2,There's not much to say about these crabs—the meat is genuinely fresh.,False,86.1704,88.0045,91.6734,There’s not much to say about this crab—the meat is genuinely fresh.,False,53.5536,71.1595,90.2116
那就地下货啊安逸我就害怕冷点心啊这个干完这,Then let's go with this one. Nice! I just don't like cold desserts. Let's finish this first.,安逸,1,"That underground goods are so comfortable, I'm just afraid of cold snacks, after this is done.",False,2.577,18.6515,52.6083,"That's real good stuff down there — I'm just afraid of catching a chill, but once this bit's done, it's all good.",False,1.9823,20.5426,54.319
以前我没得这个体会现在我体会非常深刻为啥子,"I never understood it before, but now I truly do. Why?",啥子,1,"I never used to get it, but now I understand it all too well.",False,19.5648,40.6098,71.6868,"I didn't really get it before, but now I feel it — deep down in my bones. Why's that?",False,23.5501,41.3154,59.8802
巴巴适适的锅中烧水水开我们下番茄糖皮烫好的番茄我们撕皮,"Easily bring a pot of water to a boil. Once it's boiling, blanch the tomatoes, then peel off the skins. Nice and easy.",巴适,1,"Gently boil water in a pot. Once it's boiling, add the tomatoes. Blanch them until the skins start to peel, then remove the skins.",False,22.1334,50.5102,77.7151,"Perfectly done – bring water to a boil in the pot, once it's boiling, add the tomatoes. After blanching them to remove the skin, we peel the tomatoes.",False,13.0861,48.8866,79.6207
刚刚出来的时候是确实是为了卖轮胎而存在的这个品牌现在它轮胎出了个明显的指南,"When this brand was first launched, it really focused on selling tires. Now it's developed a much clearer product direction.",确实,1,"This brand was originally created specifically to sell tires, but now they've come out with a clear guideline for their tires.",False,5.1543,31.2264,73.4429,"As the brand originally existed solely for selling tires when it first came out, it has now released a clear guide for its tires.",False,5.3773,33.0264,75.5504
刚才不得口子呀你硬是他现在时间咔咔呼噜的,We didn't get the chance just now. He's really moving at full speed now,硬是,1,"You weren't available earlier, and now time is flying by.",False,3.1364,15.8997,48.9594,There was no chance just now—you are really rushing the time now in a muddle.,False,6.4372,35.1343,48.9074
吃起来麻辣鲜香下酒下饭都安逸得很话不多说看我操作选一块半肥半瘦的三鲜肉改刀,"It's spicy, fragrant, and delicious—perfect with rice or as a drinking snack. Enough talking, let me show you how it's done. Start with a piece of pork that's half lean and half fat, then cut it into slices.",安逸,1,"It's incredibly delicious and savory, perfect with drinks or rice. Now watch me work—I'll pick a piece of three-layer pork (half fat, half lean) and get it prepped.",False,7.0448,32.6303,72.734,"It’s spicy, numbing, fresh, and fragrant — perfect with both drinks and rice. No need for more talk — just watch me work. Pick a piece of half-fat, half-lean *sanxian* meat and slice it up.",False,5.6359,35.0097,70.5544
这后头这一堆渣渣大爷不准弄他的刚刚在屋头去转了一圈也确实找不到地方塞进去了,"Don't touch this pile in the back. I just walked around the house, and honestly, I couldn't find anywhere to put it.",确实,1,Don't you dare touch that pile of junk behind here. I just went around inside and couldn't find any place to fit it in.,False,8.7466,42.903,78.2515,"This pile of junk in the back — the old man won't let anyone touch his stuff. I just took a walk around the house, and there really is no place to cram it in.""",False,15.9575,46.4757,74.4064
黄博士表示很惶恐啊他就说这种做法确实要不得啊,Dr. Huang said he was deeply concerned. He believes this is absolutely the wrong way to handle things.,确实,1,Dr. Huang was very concerned and said that this approach is really unacceptable.,False,8.6299,31.3848,83.7074,"Dr. Huang expressed that he was quite alarmed, saying that this kind of behavior is indeed unacceptable.",False,9.5875,26.7755,83.6599
这个是该多抽点时间去陪下妈啊弟兄姊妹吃下饭啊那个时候给自己找借口就确实太忙了逢年过节回去吧,"It's true that we should make more time to be with mom and have a meal with our siblings. At that time, I made excuses that I'm too busy—go home during the holidays while you still can.",确实,1,"You really should make more time to spend with your mom and siblings, like having meals together. Making excuses about being too busy is just that—excuses. At least go back during holidays.",False,12.9075,43.5781,73.7119,"This is about making more time to hang out with Mom and have meals with siblings, you know. Back then, I’d make excuses and say I was just too busy. But when holidays rolled around, I’d still head home.",False,5.3133,40.415,78.6961
哦我老汉死的早我老汉死的时间比我都还年轻些就是在这个老山上死的,"My dad passed away young. In fact, he was younger than I am now when he died. He passed away on this old mountain.",老汉|哦(语气词),1,"My old man passed away early. He died younger than I am now, right here on this old mountain.",False,29.7245,51.323,85.1574,"Oh, my old man died young. He was even younger than I am now when he passed—right here on this old mountain.",False,38.127,56.5619,85.4483
仔细想光阴人家日月如梭确实过得太快了转瞬之间成绩当年七足嘛转瞬就是白头翁,"When you really think about it, time flies. Life passes so quickly. In what feels like the blink of an eye, a young man in his prime has become an old man with white hair.",确实|嘛(语气词),1,"When you really think about it, time flies by so fast. In the blink of an eye, you're a young adult with your whole life ahead, and before you know it, you're an old person with gray hair.",False,33.7107,49.2063,75.8529,"Think about it carefully, time really flies — it moves like a weaver's shuttle. In the blink of an eye, the achievements of those days are already seven feet tall, and just like that, you're an old man with white hair.",False,26.2373,47.6564,61.5867
确实不爽再看旁边这个,That really isn't satisfying. Now let's take a look at the one next to it.,确实,1,It's seriously annoying to look at the one next to it.,False,40.4266,42.3014,55.5882,"Yeah, not happy at all. Then look at this guy next to him.",False,7.1913,26.2436,58.1942
对不对你明明身上只有八元钱你凭啥子要在新杰宾馆后头去喝杯茶呢,Think about it—you've only got eight yuan on you. What makes you think you should be sitting behind the Xinjie Hotel having tea?,啥子,1,How can you go for tea behind Xinjie Hotel when you clearly only have eight yuan in your pocket?,False,5.3032,30.6698,73.6361,"Right? You clearly only have eight yuan on you, so why on earth would you go to the back of Xinjie Hotel to have a cup of tea?",False,10.986,33.6404,75.5311
不过也要说清楚是借给你的哦话又说转来你要是到婆婆娘那去拿两万块钱噻哎就可以不还喽,"But let's be clear—that money is only being lent to you. On the other hand, if you get twenty thousand yuan from your wife, well… you probably don't have to pay it back.",婆娘|噻|哦(语气词),1,"But let me be clear, this is a loan. That said, if you go to your mother-in-law and get 20,000 bucks, then you don't have to pay it back.",False,21.9062,37.2624,70.238,"But just so we're clear, I'm lending it to you, alright? That said, if you go and get twenty thousand bucks from your mother-in-law, well then, you wouldn’t have to pay me back.",False,10.3991,43.4497,68.5318
我也算不出牌强有些啥子牌只能慢慢的打着看,I can't tell which hand is strongest either. We'll just have to play it out and see how it goes.,啥子,1,"I'm not sure what strong hands I have, so I'll just have to play it slow and see what happens.",False,19.8032,40.3152,77.8038,Even I can’t figure out what cards are strong just by looking at them. I’ll just have to play them out slowly and see how it goes.,False,25.724,48.4315,79.5641
今天的天气好安逸哦我们一起走山上去烫火锅不爱火锅安逸刚好星期天满盘我们一家人吃,The weather is gorgeous today. How about head up into the mountains and have some hot pot? It's Sunday after all—the perfect day for the whole family to enjoy a meal together.,安逸|哦(语气词),1,"The weather is so nice today. Let's go up the mountain to have hot pot. If you're not into hot pot, that's fine too. It's Sunday, so we can have a big family feast.",False,6.6347,37.7858,74.7889,"The weather today is so nice and comfy. Let's hike up the mountain together and have hotpot. Don't you just love hotpot? It's perfect—it's Sunday, so the whole family can gather and enjoy a full spread together.",False,7.0537,52.9012,75.1484
为啥子仅仅要扣住这个主题时间都在哪儿去了啊,"Why focus only on this one topic? More importantly, where has all the time gone?",啥子,1,Why do we have to keep focusing on this topic? Where did all the time go?,False,12.5122,39.5663,80.6954,"Why cling to this theme, asking where the time has gone?",False,7.2842,27.1389,70.9045
他不收确实又不忍心人家是真心不收,"He just wouldn't accept it, and honestly I couldn't force him. He genuinely meant it when he refused.",确实,1,"If he doesn't accept it, he feels bad for them because they genuinely don't want to take it.",False,8.3788,33.232,62.0842,"He really couldn't bring himself to accept it, since the other party genuinely insisted on not taking it.",False,8.6633,34.2034,69.9465
一次性吃安逸反正五十九块儿,"Go ahead and enjoy it all at once. It's only 59 yuan anyway, so it's well worth it.",安逸,1,"Go all out and treat yourself, it's only 59 bucks anyway.",False,4.863,27.952,60.7035,Just go ahead and eat to your heart's content — it's only 59 bucks for an all-you-can-eat deal.,False,5.7037,34.3769,65.2951
哎哟啥子东西哦哎呦咋讲屁股,What on earth is that? Oh dear... how should I put this? It looks like a butt.,啥子|哦(语气词),1,"Oh my god, what the heck is that? And what do you mean by ""butt""?",False,7.2949,20.1353,75.4965,"Ouch! What the heck is that? Ouch, talk about my butt!",False,6.5205,22.1629,70.8862
那个滩海外滩的摊都是贪心的滩别个拉的横幅啊确实减配很严重确实配套也不咋的那些小区业主出行都不方便的哈买不到张老表,"That ""Tan"" isn't the Bund—it's the ""tan"" from ""greedy."" The banners other people put up aren't exaggerating. The cost-cutting is real, the facilities are lacking, and it's inconvenient for residents to get around. Buddy, don't rush into buying there.",确实|老表|哈(语气词),2,"The vendors at that beachfront are so greedy. The banners they put up are misleading—the quality is seriously cut corners, and the amenities are terrible. The residents in those communities have trouble getting around. And I couldn't even get tickets for the Zhang Lao Biao show.",False,3.8995,36.2524,64.1896,"All those stalls at the beachside Bund are run by greedy folks. The banners those people put up — yeah, they really cut corners big time. The facilities are pretty lousy too. Those homeowners in the neighborhood can't even get around easily. Can't even find a Zhang Laobiao around here.",False,4.975,36.4099,61.8691
这天是我硬是黑得早六点半就黑了外星早晨起来嘛,"It's getting dark ridiculously early these days. By 6:30 it's already night, so you have to get up early in the morning.",硬是|嘛(语气词),1,"It got dark so early today, at 6:30 sharp. I woke up at dawn.",False,6.6833,14.9688,63.3782,"The days are getting dark early here. It was already dark at 6:30 in the evening. In the morning, I wake up early.",False,9.5794,41.918,79.3848
哟感觉不行等我去看哟安逸安逸得车得车啊啊喵喵,"Hmm... something doesn't seem right. Let me go take a look. Oh, now that's nice! This car is really great.",安逸,1,"Oh, I don't think that'll work. Let me go take a look. That's nice, that's nice. Get the car, get the car. Aww, meow meow.",False,24.96,39.0436,57.7221,"Oh, I don't think it's gonna work—let me go check it out. Oh man, this is nice, real nice. Get in the car, get in! Ahh, meow meow.",False,4.0165,24.6109,59.3335
帽子整起走哎真的安逸哎哟好恶心,"Put your hat on and let's go. It actually looks pretty good… whoa, that's disgusting!",安逸,1,"Putting on that hat feels so good, oh man it's disgusting.",False,3.1444,29.5491,71.6792,"Put on that hat, man, it's really comfy. Ugh, that's so gross.",False,5.6757,20.9485,70.6357
就不是跟你开玩笑你怎么乱子说上头有猫猫你少喝老子老子懂,I'm not joking with you. Why are you talking nonsense about there being a cat up there? Cut back on the drinking—I know what I'm talking about.,老子,1,"I'm not kidding you, so why are you talking nonsense about a cat on the roof? Stop drinking so much, you idiot. I know what I'm talking about.",False,30.4112,57.9385,82.1284,"I wasn't joking with you. Why are you talking nonsense? There's a cat up there. Don't mess with me, I know what's up.",False,36.0856,51.3207,70.2994
啊我领奖回来了老者不嘛老人老子给你闹着啥了你那个啥子讲哦我看下啊你好啊,"I'm back from collecting my award. I didn't do anything to you, so what were you saying just now? Let me have a look. Hey there!",老子|啥子|哦(语气词)|嘛(语气词),2,"I'm back from collecting my prize, old man. What are you getting at? What are you trying to say? Let me see... Hello.",False,17.2716,39.9484,66.7449,"Oh, I've come back from receiving the award, old man. What's the fuss about? What were you saying? Let me take a look. Oh, hello there.",False,10.9067,40.058,69.145
平尼有几次经过娘娘的塌榻大白天的娘娘的房间都要关到起而两个侍女都在外头守到平尼当时看到就觉得不安逸想劝两句反倒被娘娘赏了几句就回来平尼也不好说啥子了,"Pingni passed by Her Ladyship's chambers several times. Even in broad daylight, the doors stayed shut while two maids stood guard outside. Something about it didn't sit right with her. She tried to offer a few words of advice, only to be scolded, so she decided it was best to keep quiet after that.",啥子|安逸,2,"Pingni passed by the concubine's room several times during the day and noticed that her door was always kept shut, even though her two maids were stationed outside. Pingni felt uneasy about this and wanted to say something, but the concubine snapped at him instead. After that, Pingni didn't feel he could say anything more about the matter.",False,4.3579,36.4044,71.0145,"Pingni once passed by the lady's chamber a few times. Even in broad daylight, the lady’s room was always kept shut, with two maids standing guard outside. Pingni felt uneasy about this at the time and wanted to offer a word of advice, but instead got a few sharp remarks from the lady and returned. After that, Pingni didn’t feel like saying anything more.",False,17.3396,46.6457,75.7406
但是为了人类利益做出这样基础贡献的人确实是,Those who make such fundamental contributions for the benefit of humanity truly ...,确实,1,But people who make such fundamental contributions for the benefit of humanity truly are something else.,False,62.3636,86.4105,86.7584,But those who make such fundamental contributions for the benefit of humanity truly are...,False,69.6471,93.9331,90.2994
睡午觉听到说老汉儿来了,I was taking a nap when someone said my dad had arrived.,老汉,1,Heard my dad came while I was napping.,False,9.1424,23.0701,70.806,Taking a nap and overhearing that my old man has arrived.,False,9.3182,37.2931,67.2831
这个梨子还是非常安逸真的甜又脆又甜第二天,"These pears are fantastic—sweet, crisp, and incredibly juicy. They were still delicious the next day.",安逸,1,"This pear is really delicious—so sweet and crunchy, and it stayed that way even the next day.",False,15.0717,36.1102,80.2562,"This pear is really nice, for real—sweet, crunchy, and sweet again the next day.",False,15.7194,32.9028,76.3209
走哎等下来我吃饭哦今天啥子时候今,Let's go.Come over to my place for a meal later. What time is it ?,啥子|哦(语气词),1,"Hey wait, come have lunch with me today. What time is it now?",False,21.1462,30.183,76.8152,"Hey, wait up! Come eat with me later—what time works for you today?",False,3.0522,26.5417,71.2252
跟价格跟跟大家介绍出来啊说我们发车不说价生意做不大呀但是我确实没得办法哈,"I'll be upfront about the price. People say you can't build a business without talking prices, but honestly, I don't really have much choice.",确实|哈(语气词),1,"Let me break down the price for everyone here. We don't haggle on our prices, and honestly, we can't grow our business that way. But I really have no choice in the matter.",False,4.536,39.2454,77.0097,"Let me just lay out the prices for everyone, alright? They say if you don't name your price when selling, you won't make a deal. But honestly, I really don't have a choice here.",False,5.197,36.8347,79.3657
负一楼和负二楼的一个格局家里面带个电梯坐起它还是安逸哟你莫说哈哈,"The layout of the first and second basement is same, and there's even a private elevator in the house. Honestly, it's a really nice setup.True.Hahaha...",安逸,1,"Having a layout with an elevator in the basement levels (B1 and B2) is just so comfortable and convenient. You can't even imagine how nice it is, haha!",False,5.6771,30.456,72.7191,"The layout of the basement levels, with a private elevator at home, is actually quite cozy, you gotta admit, haha.",False,10.4598,37.0521,69.1989
安逸噻杏鲍菇独特的口感不管夏天吃起安逸一年四季都适合,"Absolutely delicious! King oyster mushrooms have such a unique texture. They're great in the summer—and honestly, they're perfect all year round.",安逸|噻,1,The unique texture of king oyster mushrooms makes them a refreshing treat in summer and suitable for enjoyment all year round.,False,13.4794,45.1197,75.0709,"""Comfortable, right?"" The unique texture of the king oyster mushroom is enjoyable in summer, and it's suitable for all seasons.",False,4.0859,33.9033,70.7841
我感觉你们嘞些间谍对不对你们那些间谍都是专门来问那些歪瓜那种企图误导我直播间的老表,I get the feeling some of you are undercover trolls. You keep asking ridiculous questions just to mislead the bros watching my livestream.,老表,1,"I feel like you guys are all spies, right? You're all spies who specifically come here to ask those ridiculous questions, trying to mislead my audience.",False,4.3007,36.4036,76.8516,"I feel like you guys, those spies, right? Those spies of yours are specifically here to ask about those dubious characters, trying to mislead the old pals in my livestream.",False,7.5113,34.8492,64.9556
幺儿啊等了三个多小时终于动手了你干嘛,"Kiddo, we've been waiting for over three hours. We're finally getting started—Do you want to join?",嘛(语气词)|幺(称谓/方言),1,"After waiting for over three hours, you finally made your move. What were you thinking?",False,22.6174,41.7201,62.5375,"Dear child, after waiting over three hours, you've finally made a move. What are you up to?",False,9.1344,35.967,68.3936
结果瞧起人家屋顶花园了说是种菜安逸西门车站那边有,Then I saw someone else's rooftop garden. They were growing vegetables up there—it looked fantastic.The West Gate Station is near there .,安逸,1,Then he saw the rooftop garden next door and said how nice it would be to grow vegetables there. He mentioned there's one near Ximen Station.,False,4.7493,39.4458,74.512,"It turned out they set their eyes on someone else’s rooftop garden, saying it’s ideal for growing vegetables—over near the west gate bus station.",False,3.8024,46.0812,74.7322
而男人呢刚开始哈是来得快去的也很快的到后面就恼火了老公老公,"For men, it often starts quickly and ends just as quickly. But later on, that's when things can become troublesome.Darling...",恼火|哈(语气词),1,"For men, it's quick to get started and quick to finish at first, but later on it gets them frustrated. ""Honey, honey!""",False,6.9761,32.2439,70.5224,"As for men, at first they come quickly and leave just as fast, but later on, it gets tough—hubby, hubby.",False,9.056,32.0793,62.2615
我的个妈好久玩过这个梗眼睛闭起又有点紧张又有点不晓得是咋个的了,"Oh my goodness, it's been ages since I last played this meme. I closed my eyes and suddenly felt nervous—I didn't even know what was going on.",咋个,1,"Oh my god, it's been so long since I've done this, I'm closing my eyes, feeling nervous but also kind of... I don't even know what I'm feeling.",False,9.5608,40.2144,72.706,"Oh my god, it's been a while since I last played around with this meme. With my eyes closed, I feel a bit nervous and also kinda unsure of what's going on with me.",False,14.5775,49.2941,78.6592
老汉的非常柔软大家看把沈家里一起拿完,"The stuffs from this boss are really soft. Look, everyone—let's take the rest as well.",老汉,1,"The old man is really soft, everyone watch as he takes everything from Shen's house together.",False,5.8751,36.7183,60.4076,"The old man's extremely soft — everyone, take a look, take everything from the Shen family together.",False,3.1142,33.752,60.2728
走马儿带你去种草你上个厕所要好久嘛老子饿了,"Come on, I'll take you somewhere worth checking out. How can you spend so long in the bathroom? I'm starving!",老子|嘛(语气词),1,"I'll take you for a spin, but you take forever in the bathroom. I'm starving!",False,14.0316,40.9342,63.9105,"Come on, let's take a horse ride and go check out some cool spots. How long are you gonna be in the bathroom? I'm starving here.",False,22.8722,49.3429,74.7613
而我呢连拉丁文都忘得差不多了至于相貌医生苦笑着看了看自己似乎也没得啥子过人之处啊,"As for me, I've forgotten almost all my Latin. As for my looks... the doctor smiled bitterly, as if there was nothing particularly remarkable about me.",啥子,1,"As for me, I've pretty much forgotten all my Latin. As for my looks, the doctor just smiled wryly at himself, as if he couldn't find anything particularly special about himself either.",False,34.5323,57.7112,81.3499,"As for me, I’ve pretty much forgotten even my Latin. When it came to his appearance, the doctor gave a wry smile and glanced at himself—seemed like there wasn’t anything particularly outstanding about him either.",False,10.8144,44.577,76.762
哎就觉得些就是朋友些噻在喝酒啊扯把子啊在吹牛这些,"That's what friends do—they get together for drinks, chat, joke around, and brag a little.",扯把子|噻,1,"I just feel like it's friends getting together, drinking, chatting, and shooting the breeze.",False,5.5577,33.1975,56.62,"Oh, they’re just hanging out with friends, you know—drinking, shooting the breeze, shooting the bull.",False,2.863,22.6326,54.6735
啊和老鹰养狗和飞机养狗个人种地就安逸哈要去那窝,"I swear, having a courtyard to keep a dog and living off your own land is the absolute best.",安逸|哈(语气词),1,"It's so chill raising dogs, farming, and flying planes. I'm heading to that nest.",False,2.571,19.1367,43.2302,"Ah, raising dogs like an eagle or raising dogs like an airplane—just planting your own land and living the easy life, huh? Gotta go to that nest over there.",False,6.089,32.1662,48.2962
什么叫骂他的管管呢就说他说你说他是瓜娃子,How is that insulting him? All you did was call him an idiot.,瓜娃子,1,What do you mean by 'scolding him'? You're just calling him a fool.,False,3.7165,25.0409,74.1789,What do you mean by scolding him? It's like he said you called him a fool.,False,5.4012,27.0252,69.6545
弄了好多腊肉好安逸妈妈,"We made a whole lot of cured pork. Mom, it turned out absolutely delicious!",安逸,1,"Having made so much cured pork feels so good, mom.",False,5.6145,21.5411,63.2581,"Making so much cured meat, so cozy, Mom.",False,3.0719,12.5987,50.0886
非常安逸啊,Very cozy!,安逸,1,So cozy and comfortable.,False,10.6822,19.1411,86.1126,"Very comfortable, ah!",False,12.7033,40.3472,87.3944
